employee_id,employee_number,full_name,email,hire_date,termination_date,home_cost_centre
1,EMP000001,Allison Hill,allison.hill.1@examplecorp.com,2022-03-04,2023-12-17,CC-110-HR
2,EMP000002,Noah Rhodes,noah.rhodes.2@examplecorp.com,2017-07-03,,CC-100-FIN
3,EMP000003,Angie Henderson,angie.henderson.3@examplecorp.com,2022-08-03,,CC-140-OPS
4,EMP000004,Daniel Wagner,daniel.wagner.4@examplecorp.com,2015-12-23,,CC-100-FIN
5,EMP000005,Cristian Santos,cristian.santos.5@examplecorp.com,2015-05-03,2018-03-10,CC-140-OPS
6,EMP000006,Connie Lawrence,connie.lawrence.6@examplecorp.com,2021-10-01,2023-02-10,CC-150-SALES
7,EMP000007,Abigail Shaffer,abigail.shaffer.7@examplecorp.com,2022-04-15,,CC-130-PMO
8,EMP000008,Gina Moore,gina.moore.8@examplecorp.com,2017-06-21,,CC-120-ENG
9,EMP000009,Gabrielle Davis,gabrielle.davis.9@examplecorp.com,2024-01-29,,CC-160-MKT
10,EMP000010,Ryan Munoz,ryan.munoz.10@examplecorp.com,2024-01-14,,CC-130-PMO
11,EMP000011,Monica Herrera,monica.herrera.11@examplecorp.com,2018-10-25,,CC-110-HR
12,EMP000012,Jamie Arnold,jamie.arnold.12@examplecorp.com,2025-09-25,,CC-100-FIN
13,EMP000013,Lisa Hensley,lisa.hensley.13@examplecorp.com,2016-01-15,,CC-120-ENG
14,EMP000014,Michele Williams,michele.williams.14@examplecorp.com,2024-07-03,,CC-120-ENG
15,EMP000015,Dylan Miller,dylan.miller.15@examplecorp.com,2024-01-19,2025-08-01,CC-140-OPS
16,EMP000016,Brian Ramirez,brian.ramirez.16@examplecorp.com,2016-05-26,,CC-130-PMO
17,EMP000017,Holly Wood,holly.wood.17@examplecorp.com,2015-11-19,,CC-160-MKT
18,EMP000018,Derek Zuniga,derek.zuniga.18@examplecorp.com,2022-01-18,,CC-160-MKT
19,EMP000019,Lisa Jackson,lisa.jackson.19@examplecorp.com,2019-01-21,,CC-150-SALES
20,EMP000020,Carla Gray,carla.gray.20@examplecorp.com,2015-10-12,2018-07-31,CC-160-MKT
21,EMP000021,Margaret Hawkins DDS,margaret.dds.21@examplecorp.com,2018-03-31,,CC-160-MKT
22,EMP000022,Patty Perez,patty.perez.22@examplecorp.com,2017-08-11,,CC-130-PMO
23,EMP000023,Ethan Adams,ethan.adams.23@examplecorp.com,2018-02-12,,CC-160-MKT
24,EMP000024,Tommy Walter,tommy.walter.24@examplecorp.com,2019-02-03,,CC-120-ENG
25,EMP000025,Matthew Foster,matthew.foster.25@examplecorp.com,2017-05-08,,CC-150-SALES
26,EMP000026,Judy Baker,judy.baker.26@examplecorp.com,2025-07-03,,CC-100-FIN
27,EMP000027,Justin Baker,justin.baker.27@examplecorp.com,2021-10-31,,CC-140-OPS
28,EMP000028,Stephanie Ross,stephanie.ross.28@examplecorp.com,2023-03-06,,CC-130-PMO
29,EMP000029,Zachary Hicks,zachary.hicks.29@examplecorp.com,2019-04-04,,CC-150-SALES
30,EMP000030,Anthony Rodriguez,anthony.rodriguez.30@examplecorp.com,2022-09-19,,CC-150-SALES
31,EMP000031,Rebecca Henderson,rebecca.henderson.31@examplecorp.com,2018-08-21,,CC-160-MKT
32,EMP000032,James Ferrell,james.ferrell.32@examplecorp.com,2015-08-18,,CC-100-FIN
33,EMP000033,Tricia Valencia,tricia.valencia.33@examplecorp.com,2024-01-11,,CC-120-ENG
34,EMP000034,Nathan Maldonado,nathan.maldonado.34@examplecorp.com,2015-09-29,,CC-140-OPS
35,EMP000035,Debra Davidson,debra.davidson.35@examplecorp.com,2024-10-29,,CC-110-HR
36,EMP000036,Jeffrey Chavez,jeffrey.chavez.36@examplecorp.com,2022-05-08,,CC-150-SALES
37,EMP000037,Sherri Baker,sherri.baker.37@examplecorp.com,2020-02-23,,CC-110-HR
38,EMP000038,Cassandra Gaines,cassandra.gaines.38@examplecorp.com,2017-10-07,,CC-140-OPS
39,EMP000039,Elizabeth Fowler,elizabeth.fowler.39@examplecorp.com,2017-12-12,,CC-130-PMO
40,EMP000040,Brittany Farmer,brittany.farmer.40@examplecorp.com,2025-01-25,,CC-120-ENG
41,EMP000041,Paula Moreno,paula.moreno.41@examplecorp.com,2017-06-17,,CC-110-HR
42,EMP000042,Fred Smith,fred.smith.42@examplecorp.com,2020-09-18,,CC-160-MKT
43,EMP000043,Sherry Decker,sherry.decker.43@examplecorp.com,2015-07-12,,CC-110-HR
44,EMP000044,Anthony Humphrey,anthony.humphrey.44@examplecorp.com,2022-01-14,,CC-150-SALES
45,EMP000045,Angelica Tucker,angelica.tucker.45@examplecorp.com,2019-09-26,,CC-130-PMO
46,EMP000046,Philip Cannon,philip.cannon.46@examplecorp.com,2019-04-13,,CC-130-PMO
47,EMP000047,John Pierce,john.pierce.47@examplecorp.com,2020-12-07,,CC-140-OPS
48,EMP000048,Shane Henderson,shane.henderson.48@examplecorp.com,2024-08-26,,CC-150-SALES
49,EMP000049,Joshua Blair,joshua.blair.49@examplecorp.com,2023-01-31,2024-10-28,CC-160-MKT
50,EMP000050,Eric Carney,eric.carney.50@examplecorp.com,2022-03-10,,CC-120-ENG
51,EMP000051,Jessica Holmes,jessica.holmes.51@examplecorp.com,2019-11-16,,CC-100-FIN
52,EMP000052,Danny Morgan,danny.morgan.52@examplecorp.com,2025-09-11,,CC-150-SALES
53,EMP000053,Crystal Robinson,crystal.robinson.53@examplecorp.com,2017-12-14,,CC-160-MKT
54,EMP000054,Mark Perez,mark.perez.54@examplecorp.com,2017-01-01,,CC-100-FIN
55,EMP000055,Shannon Jones,shannon.jones.55@examplecorp.com,2024-10-05,,CC-160-MKT
56,EMP000056,Michael Lewis,michael.lewis.56@examplecorp.com,2022-03-02,,CC-110-HR
57,EMP000057,Timothy Duncan,timothy.duncan.57@examplecorp.com,2016-09-18,,CC-110-HR
58,EMP000058,Richard Aguirre,richard.aguirre.58@examplecorp.com,2021-01-18,,CC-140-OPS
59,EMP000059,Brent Jordan,brent.jordan.59@examplecorp.com,2025-04-20,2025-10-09,CC-130-PMO
60,EMP000060,John Daniel,john.daniel.60@examplecorp.com,2015-03-21,2019-07-14,CC-160-MKT
61,EMP000061,Victoria Garcia,victoria.garcia.61@examplecorp.com,2024-01-18,,CC-100-FIN
62,EMP000062,Gerald Hensley,gerald.hensley.62@examplecorp.com,2017-09-13,,CC-100-FIN
63,EMP000063,Connor West,connor.west.63@examplecorp.com,2015-12-17,,CC-160-MKT
64,EMP000064,Donald Wright,donald.wright.64@examplecorp.com,2015-10-11,,CC-140-OPS
65,EMP000065,Jessica Callahan,jessica.callahan.65@examplecorp.com,2023-08-03,,CC-150-SALES
66,EMP000066,Amber Kidd,amber.kidd.66@examplecorp.com,2020-04-30,,CC-110-HR
67,EMP000067,Tracy House,tracy.house.67@examplecorp.com,2017-12-21,,CC-140-OPS
68,EMP000068,Carol Tucker,carol.tucker.68@examplecorp.com,2019-09-30,,CC-140-OPS
69,EMP000069,James Brown,james.brown.69@examplecorp.com,2023-06-21,,CC-110-HR
70,EMP000070,William Baker,william.baker.70@examplecorp.com,2022-12-30,,CC-150-SALES
71,EMP000071,Jordan Henderson,jordan.henderson.71@examplecorp.com,2022-04-15,,CC-140-OPS
72,EMP000072,Whitney Peters,whitney.peters.72@examplecorp.com,2020-01-24,,CC-110-HR
73,EMP000073,Brittney Phillips,brittney.phillips.73@examplecorp.com,2015-09-20,,CC-140-OPS
74,EMP000074,Lauren Daniels,lauren.daniels.74@examplecorp.com,2021-03-18,,CC-110-HR
75,EMP000075,Amy Silva,amy.silva.75@examplecorp.com,2015-01-30,2022-05-27,CC-100-FIN
76,EMP000076,Sarah Moore,sarah.moore.76@examplecorp.com,2017-07-26,2018-03-01,CC-160-MKT
77,EMP000077,Angela Lopez,angela.lopez.77@examplecorp.com,2018-09-15,2021-08-14,CC-120-ENG
78,EMP000078,Megan Young,megan.young.78@examplecorp.com,2022-07-03,,CC-140-OPS
79,EMP000079,Steve Sanchez,steve.sanchez.79@examplecorp.com,2016-06-25,,CC-140-OPS
80,EMP000080,Lisa Barnes,lisa.barnes.80@examplecorp.com,2021-06-18,,CC-160-MKT
81,EMP000081,Kelly Donovan,kelly.donovan.81@examplecorp.com,2020-04-21,,CC-110-HR
82,EMP000082,Mike Allen,mike.allen.82@examplecorp.com,2016-01-22,2021-02-19,CC-120-ENG
83,EMP000083,Michael Evans,michael.evans.83@examplecorp.com,2019-10-01,,CC-160-MKT
84,EMP000084,Paul Jones,paul.jones.84@examplecorp.com,2023-03-06,2025-04-03,CC-150-SALES
85,EMP000085,Zachary Ferrell,zachary.ferrell.85@examplecorp.com,2016-02-08,2024-07-07,CC-120-ENG
86,EMP000086,Daniel Baker,daniel.baker.86@examplecorp.com,2023-12-24,,CC-110-HR
87,EMP000087,Shirley Suarez,shirley.suarez.87@examplecorp.com,2017-02-23,,CC-130-PMO
88,EMP000088,Christopher Bass,christopher.bass.88@examplecorp.com,2016-07-28,,CC-120-ENG
89,EMP000089,Lisa Archer,lisa.archer.89@examplecorp.com,2020-03-09,,CC-100-FIN
90,EMP000090,Aimee Montoya,aimee.montoya.90@examplecorp.com,2019-12-21,,CC-160-MKT
91,EMP000091,Matthew Mcmillan,matthew.mcmillan.91@examplecorp.com,2021-03-04,2025-01-27,CC-140-OPS
92,EMP000092,Brian Rodriguez,brian.rodriguez.92@examplecorp.com,2024-05-17,2024-11-18,CC-160-MKT
93,EMP000093,Denise Jacobs,denise.jacobs.93@examplecorp.com,2024-07-08,,CC-130-PMO
94,EMP000094,Christina Walters,christina.walters.94@examplecorp.com,2020-06-12,,CC-160-MKT
95,EMP000095,John Whitehead,john.whitehead.95@examplecorp.com,2019-07-01,,CC-110-HR
96,EMP000096,Anna Henderson,anna.henderson.96@examplecorp.com,2019-04-02,2023-11-16,CC-120-ENG
97,EMP000097,Aaron Wise,aaron.wise.97@examplecorp.com,2025-05-23,,CC-130-PMO
98,EMP000098,Deborah Figueroa,deborah.figueroa.98@examplecorp.com,2018-03-14,,CC-150-SALES
99,EMP000099,Jessica Smith,jessica.smith.99@examplecorp.com,2023-10-14,,CC-150-SALES
100,EMP000100,Stephen Mckee,stephen.mckee.100@examplecorp.com,2020-06-16,,CC-120-ENG
101,EMP000101,Sandra Aguilar,sandra.aguilar.101@examplecorp.com,2017-06-10,,CC-140-OPS
102,EMP000102,Cameron Parker,cameron.parker.102@examplecorp.com,2023-04-02,,CC-150-SALES
103,EMP000103,Rebecca Valencia,rebecca.valencia.103@examplecorp.com,2018-07-08,2025-04-24,CC-130-PMO
104,EMP000104,Christine Wright,christine.wright.104@examplecorp.com,2020-08-21,,CC-140-OPS
105,EMP000105,Richard Henson,richard.henson.105@examplecorp.com,2016-10-06,2022-09-15,CC-100-FIN
106,EMP000106,Marc Moore,marc.moore.106@examplecorp.com,2024-07-19,,CC-140-OPS
107,EMP000107,Sharon Cherry,sharon.cherry.107@examplecorp.com,2015-10-06,,CC-110-HR
108,EMP000108,Sierra Johnson,sierra.johnson.108@examplecorp.com,2019-07-12,2026-02-28,CC-110-HR
109,EMP000109,Evelyn Galvan,evelyn.galvan.109@examplecorp.com,2021-06-29,,CC-140-OPS
110,EMP000110,Sharon Cochran,sharon.cochran.110@examplecorp.com,2015-12-02,,CC-140-OPS
111,EMP000111,Richard Rodriguez,richard.rodriguez.111@examplecorp.com,2021-05-04,,CC-120-ENG
112,EMP000112,Shannon Walker,shannon.walker.112@examplecorp.com,2017-04-16,,CC-120-ENG
113,EMP000113,Julia Torres,julia.torres.113@examplecorp.com,2017-09-04,,CC-110-HR
114,EMP000114,Crystal Johnson,crystal.johnson.114@examplecorp.com,2022-07-14,,CC-130-PMO
115,EMP000115,Garrett Lin,garrett.lin.115@examplecorp.com,2018-07-19,,CC-100-FIN
116,EMP000116,Diana May,diana.may.116@examplecorp.com,2015-02-08,,CC-140-OPS
117,EMP000117,William Herrera,william.herrera.117@examplecorp.com,2016-02-14,2018-10-04,CC-140-OPS
118,EMP000118,Ashley Waller,ashley.waller.118@examplecorp.com,2017-12-22,,CC-120-ENG
119,EMP000119,Victor Baker,victor.baker.119@examplecorp.com,2024-11-17,2025-06-20,CC-120-ENG
120,EMP000120,Jeffrey Chandler,jeffrey.chandler.120@examplecorp.com,2018-03-13,,CC-160-MKT
121,EMP000121,Larry Dixon,larry.dixon.121@examplecorp.com,2021-02-03,,CC-140-OPS
122,EMP000122,Kenneth Scott,kenneth.scott.122@examplecorp.com,2024-01-19,,CC-100-FIN
123,EMP000123,April Frost,april.frost.123@examplecorp.com,2022-06-28,,CC-120-ENG
124,EMP000124,Michelle Harmon,michelle.harmon.124@examplecorp.com,2025-06-13,,CC-110-HR
125,EMP000125,Helen Jones,helen.jones.125@examplecorp.com,2017-12-19,2019-05-31,CC-150-SALES
126,EMP000126,Erin Edwards,erin.edwards.126@examplecorp.com,2021-03-16,,CC-120-ENG
127,EMP000127,Michelle Evans,michelle.evans.127@examplecorp.com,2021-10-13,,CC-120-ENG
128,EMP000128,Jason Powell,jason.powell.128@examplecorp.com,2017-04-13,,CC-160-MKT
129,EMP000129,Cameron Fisher,cameron.fisher.129@examplecorp.com,2017-12-17,,CC-120-ENG
130,EMP000130,Megan Orr,megan.orr.130@examplecorp.com,2025-02-25,,CC-100-FIN
131,EMP000131,Elizabeth Kelley,elizabeth.kelley.131@examplecorp.com,2016-01-14,,CC-160-MKT
132,EMP000132,Dustin Jordan,dustin.jordan.132@examplecorp.com,2018-02-07,2022-02-02,CC-160-MKT
133,EMP000133,Mary Marshall,mary.marshall.133@examplecorp.com,2016-06-19,,CC-120-ENG
134,EMP000134,Daniel Kennedy,daniel.kennedy.134@examplecorp.com,2016-10-23,,CC-140-OPS
135,EMP000135,Rebecca Jackson,rebecca.jackson.135@examplecorp.com,2022-11-30,,CC-100-FIN
136,EMP000136,Jose Schultz,jose.schultz.136@examplecorp.com,2016-04-03,2024-04-01,CC-110-HR
137,EMP000137,Robert Potter,robert.potter.137@examplecorp.com,2021-02-12,2023-06-08,CC-140-OPS
138,EMP000138,Courtney Gonzalez,courtney.gonzalez.138@examplecorp.com,2021-03-13,,CC-110-HR
139,EMP000139,David Alvarez,david.alvarez.139@examplecorp.com,2015-06-21,,CC-160-MKT
140,EMP000140,Angel Perry,angel.perry.140@examplecorp.com,2025-11-26,,CC-120-ENG
141,EMP000141,Cheyenne Horton,cheyenne.horton.141@examplecorp.com,2017-05-10,,CC-150-SALES
142,EMP000142,David Douglas Jr.,david.jr..142@examplecorp.com,2016-02-26,,CC-140-OPS
143,EMP000143,Patricia Rodriguez,patricia.rodriguez.143@examplecorp.com,2024-11-30,,CC-140-OPS
144,EMP000144,Christopher Rubio,christopher.rubio.144@examplecorp.com,2023-05-28,,CC-110-HR
145,EMP000145,Amber Wright,amber.wright.145@examplecorp.com,2024-09-11,,CC-160-MKT
146,EMP000146,Joyce Solis,joyce.solis.146@examplecorp.com,2024-02-03,,CC-130-PMO
147,EMP000147,Victoria Larson,victoria.larson.147@examplecorp.com,2015-04-12,,CC-120-ENG
148,EMP000148,Stephanie Salazar,stephanie.salazar.148@examplecorp.com,2023-10-10,,CC-160-MKT
149,EMP000149,Kathy Rivas,kathy.rivas.149@examplecorp.com,2022-07-06,,CC-160-MKT
150,EMP000150,Stephanie Manning,stephanie.manning.150@examplecorp.com,2017-10-13,,CC-160-MKT
151,EMP000151,David Wright,david.wright.151@examplecorp.com,2022-11-12,2023-04-30,CC-160-MKT
152,EMP000152,Pamela Boyd,pamela.boyd.152@examplecorp.com,2020-04-11,,CC-160-MKT
153,EMP000153,Denise Jones,denise.jones.153@examplecorp.com,2025-04-19,,CC-120-ENG
154,EMP000154,Devon Flores,devon.flores.154@examplecorp.com,2024-03-14,,CC-110-HR
155,EMP000155,Brenda Hall,brenda.hall.155@examplecorp.com,2017-07-02,2019-11-30,CC-130-PMO
156,EMP000156,Michelle Brown,michelle.brown.156@examplecorp.com,2018-09-06,,CC-100-FIN
157,EMP000157,Joshua Perry,joshua.perry.157@examplecorp.com,2025-11-04,,CC-120-ENG
158,EMP000158,Jason Stein,jason.stein.158@examplecorp.com,2022-03-12,,CC-150-SALES
159,EMP000159,Melissa Gates,melissa.gates.159@examplecorp.com,2024-06-17,,CC-100-FIN
160,EMP000160,Jamie Smith,jamie.smith.160@examplecorp.com,2016-04-17,,CC-120-ENG
161,EMP000161,Paul Castaneda,paul.castaneda.161@examplecorp.com,2017-01-01,,CC-120-ENG
162,EMP000162,Jennifer Adkins,jennifer.adkins.162@examplecorp.com,2015-06-06,2020-07-18,CC-120-ENG
163,EMP000163,Lindsey Walker,lindsey.walker.163@examplecorp.com,2023-03-04,,CC-130-PMO
164,EMP000164,Jeffrey Johnson,jeffrey.johnson.164@examplecorp.com,2021-10-19,,CC-100-FIN
165,EMP000165,Michael Powell,michael.powell.165@examplecorp.com,2019-04-27,,CC-110-HR
166,EMP000166,John Anderson,john.anderson.166@examplecorp.com,2017-11-09,2022-12-29,CC-100-FIN
167,EMP000167,Alyssa Long,alyssa.long.167@examplecorp.com,2020-10-30,,CC-140-OPS
168,EMP000168,Alyssa Day,alyssa.day.168@examplecorp.com,2022-09-14,,CC-150-SALES
169,EMP000169,Joel Williams,joel.williams.169@examplecorp.com,2023-04-07,,CC-120-ENG
170,EMP000170,Daniel Murphy,daniel.murphy.170@examplecorp.com,2019-11-02,2023-10-14,CC-140-OPS
171,EMP000171,Jamie Walton,jamie.walton.171@examplecorp.com,2018-07-09,,CC-100-FIN
172,EMP000172,Darlene Miller,darlene.miller.172@examplecorp.com,2023-01-27,,CC-140-OPS
173,EMP000173,Joshua Cooke,joshua.cooke.173@examplecorp.com,2018-06-20,,CC-120-ENG
174,EMP000174,Matthew Harrington,matthew.harrington.174@examplecorp.com,2019-07-07,,CC-140-OPS
175,EMP000175,Nicole Herring,nicole.herring.175@examplecorp.com,2016-06-05,,CC-150-SALES
176,EMP000176,Alex Hernandez,alex.hernandez.176@examplecorp.com,2025-07-18,,CC-150-SALES
177,EMP000177,Michael Elliott,michael.elliott.177@examplecorp.com,2025-02-14,,CC-140-OPS
178,EMP000178,Michael Wang,michael.wang.178@examplecorp.com,2018-05-17,,CC-160-MKT
179,EMP000179,Lawrence Adkins,lawrence.adkins.179@examplecorp.com,2015-01-02,,CC-110-HR
180,EMP000180,Robert Oconnell,robert.oconnell.180@examplecorp.com,2019-10-27,,CC-140-OPS
181,EMP000181,Alexander Collins,alexander.collins.181@examplecorp.com,2022-05-05,,CC-130-PMO
182,EMP000182,Tina Sanders,tina.sanders.182@examplecorp.com,2019-12-17,,CC-140-OPS
183,EMP000183,Angela Vaughn,angela.vaughn.183@examplecorp.com,2020-04-22,,CC-160-MKT
184,EMP000184,Ashley Barton,ashley.barton.184@examplecorp.com,2023-04-03,,CC-100-FIN
185,EMP000185,Lindsay Martinez,lindsay.martinez.185@examplecorp.com,2018-03-08,,CC-150-SALES
186,EMP000186,Dr. Hannah Patterson,dr..patterson.186@examplecorp.com,2021-12-11,,CC-160-MKT
187,EMP000187,Jonathan Peterson,jonathan.peterson.187@examplecorp.com,2025-09-04,,CC-150-SALES
188,EMP000188,Samantha Garcia,samantha.garcia.188@examplecorp.com,2018-06-25,,CC-110-HR
189,EMP000189,Madison Poole,madison.poole.189@examplecorp.com,2016-08-26,2019-08-23,CC-130-PMO
190,EMP000190,Jessica Gross,jessica.gross.190@examplecorp.com,2021-11-08,,CC-100-FIN
191,EMP000191,Debra Morton,debra.morton.191@examplecorp.com,2020-02-09,,CC-150-SALES
192,EMP000192,Karen Graham,karen.graham.192@examplecorp.com,2021-06-15,,CC-150-SALES
193,EMP000193,Debra Christian,debra.christian.193@examplecorp.com,2019-04-22,,CC-110-HR
194,EMP000194,Angelica Keith,angelica.keith.194@examplecorp.com,2016-08-27,,CC-100-FIN
195,EMP000195,John Bishop,john.bishop.195@examplecorp.com,2025-01-04,,CC-160-MKT
196,EMP000196,Allen Rosales,allen.rosales.196@examplecorp.com,2024-12-05,2025-10-08,CC-110-HR
197,EMP000197,Daniel Salinas,daniel.salinas.197@examplecorp.com,2016-12-21,,CC-150-SALES
198,EMP000198,Spencer Haynes,spencer.haynes.198@examplecorp.com,2020-10-22,,CC-140-OPS
199,EMP000199,Adam Vaughan,adam.vaughan.199@examplecorp.com,2017-10-17,,CC-100-FIN
200,EMP000200,Nathan Freeman,nathan.freeman.200@examplecorp.com,2020-02-13,,CC-130-PMO
201,EMP000201,Melissa Brewer,melissa.brewer.201@examplecorp.com,2022-06-27,,CC-140-OPS
202,EMP000202,Ricky Davis II,ricky.ii.202@examplecorp.com,2021-09-04,,CC-160-MKT
203,EMP000203,Elizabeth Perkins,elizabeth.perkins.203@examplecorp.com,2024-12-30,,CC-160-MKT
204,EMP000204,Joseph Coleman,joseph.coleman.204@examplecorp.com,2023-01-25,,CC-130-PMO
205,EMP000205,Erin Warner,erin.warner.205@examplecorp.com,2024-04-25,,CC-130-PMO
206,EMP000206,David Martinez,david.martinez.206@examplecorp.com,2025-01-22,,CC-160-MKT
207,EMP000207,Bryan Herrera,bryan.herrera.207@examplecorp.com,2020-04-28,,CC-160-MKT
208,EMP000208,Cathy Robinson,cathy.robinson.208@examplecorp.com,2017-10-09,,CC-120-ENG
209,EMP000209,Dr. William Warren,dr..warren.209@examplecorp.com,2023-08-03,,CC-130-PMO
210,EMP000210,Brian Lee,brian.lee.210@examplecorp.com,2022-01-11,,CC-130-PMO
211,EMP000211,Christopher Smith,christopher.smith.211@examplecorp.com,2015-11-14,,CC-110-HR
212,EMP000212,Denise Mccann,denise.mccann.212@examplecorp.com,2018-01-17,,CC-140-OPS
213,EMP000213,Melissa Martinez,melissa.martinez.213@examplecorp.com,2015-11-27,,CC-110-HR
214,EMP000214,Katherine Salas,katherine.salas.214@examplecorp.com,2019-04-18,,CC-150-SALES
215,EMP000215,Julie Alexander,julie.alexander.215@examplecorp.com,2017-05-26,2022-03-20,CC-120-ENG
216,EMP000216,Anthony Everett,anthony.everett.216@examplecorp.com,2021-01-31,,CC-100-FIN
217,EMP000217,Rodney Morales,rodney.morales.217@examplecorp.com,2017-04-27,,CC-130-PMO
218,EMP000218,Mark Brown,mark.brown.218@examplecorp.com,2025-02-23,,CC-150-SALES
219,EMP000219,Justin Torres,justin.torres.219@examplecorp.com,2015-03-22,,CC-160-MKT
220,EMP000220,Bailey Duran DDS,bailey.dds.220@examplecorp.com,2021-06-16,,CC-100-FIN
221,EMP000221,Courtney Mills,courtney.mills.221@examplecorp.com,2025-07-28,,CC-160-MKT
222,EMP000222,Jeremy Dalton,jeremy.dalton.222@examplecorp.com,2019-05-17,,CC-160-MKT
223,EMP000223,Elizabeth Oliver DDS,elizabeth.dds.223@examplecorp.com,2019-09-13,,CC-150-SALES
224,EMP000224,Theresa Clark,theresa.clark.224@examplecorp.com,2021-02-14,,CC-110-HR
225,EMP000225,Matthew Moore,matthew.moore.225@examplecorp.com,2020-06-22,,CC-130-PMO
226,EMP000226,Benjamin Smith,benjamin.smith.226@examplecorp.com,2020-06-12,2022-07-30,CC-150-SALES
227,EMP000227,Kirk Carter,kirk.carter.227@examplecorp.com,2022-08-13,,CC-150-SALES
228,EMP000228,Michael Warner,michael.warner.228@examplecorp.com,2016-11-07,,CC-110-HR
229,EMP000229,Michael Bradshaw,michael.bradshaw.229@examplecorp.com,2025-12-31,,CC-100-FIN
230,EMP000230,Lori Guerrero,lori.guerrero.230@examplecorp.com,2025-03-03,,CC-140-OPS
231,EMP000231,Jessica Stephens,jessica.stephens.231@examplecorp.com,2022-06-08,2025-01-30,CC-110-HR
232,EMP000232,Susan Serrano,susan.serrano.232@examplecorp.com,2024-09-20,,CC-100-FIN
233,EMP000233,Christopher Parker,christopher.parker.233@examplecorp.com,2017-12-01,,CC-110-HR
234,EMP000234,Laura Roberts,laura.roberts.234@examplecorp.com,2020-02-06,,CC-160-MKT
235,EMP000235,Michael Lyons,michael.lyons.235@examplecorp.com,2024-11-12,,CC-160-MKT
236,EMP000236,Kathryn Snyder,kathryn.snyder.236@examplecorp.com,2025-09-01,,CC-120-ENG
237,EMP000237,Andrew Reynolds,andrew.reynolds.237@examplecorp.com,2024-05-12,2024-08-29,CC-150-SALES
238,EMP000238,David Davis,david.davis.238@examplecorp.com,2021-01-18,2023-04-04,CC-110-HR
239,EMP000239,Sara Johnston,sara.johnston.239@examplecorp.com,2022-04-16,2022-10-05,CC-160-MKT
240,EMP000240,Yvonne Chambers,yvonne.chambers.240@examplecorp.com,2015-05-08,,CC-110-HR
241,EMP000241,Andrew Avila,andrew.avila.241@examplecorp.com,2024-05-30,2025-01-31,CC-110-HR
242,EMP000242,Matthew Moon,matthew.moon.242@examplecorp.com,2016-06-01,,CC-100-FIN
243,EMP000243,Kevin Walters,kevin.walters.243@examplecorp.com,2021-04-29,,CC-130-PMO
244,EMP000244,Brandon Bailey MD,brandon.md.244@examplecorp.com,2022-11-05,,CC-120-ENG
245,EMP000245,Shannon Rivera,shannon.rivera.245@examplecorp.com,2016-11-18,,CC-150-SALES
246,EMP000246,Donna Landry,donna.landry.246@examplecorp.com,2023-01-21,2024-03-21,CC-120-ENG
247,EMP000247,Krista Gibson,krista.gibson.247@examplecorp.com,2016-03-18,,CC-120-ENG
248,EMP000248,Frank Cordova,frank.cordova.248@examplecorp.com,2021-06-16,,CC-130-PMO
249,EMP000249,Jose Travis,jose.travis.249@examplecorp.com,2019-06-13,,CC-110-HR
250,EMP000250,Kimberly Gutierrez,kimberly.gutierrez.250@examplecorp.com,2015-11-08,,CC-160-MKT
251,EMP000251,Isaiah Avila,isaiah.avila.251@examplecorp.com,2022-01-13,,CC-150-SALES
252,EMP000252,Olivia Harris,olivia.harris.252@examplecorp.com,2023-08-31,,CC-150-SALES
253,EMP000253,Tanya Kim,tanya.kim.253@examplecorp.com,2021-09-25,,CC-160-MKT
254,EMP000254,Barbara Dudley,barbara.dudley.254@examplecorp.com,2021-05-07,,CC-120-ENG
255,EMP000255,Cynthia Moore,cynthia.moore.255@examplecorp.com,2020-12-22,,CC-120-ENG
256,EMP000256,Kristen Davis,kristen.davis.256@examplecorp.com,2015-10-10,,CC-120-ENG
257,EMP000257,Susan Murray MD,susan.md.257@examplecorp.com,2015-02-21,,CC-160-MKT
258,EMP000258,Kathleen Moran,kathleen.moran.258@examplecorp.com,2020-06-30,2026-02-16,CC-120-ENG
259,EMP000259,Denise Davenport,denise.davenport.259@examplecorp.com,2022-02-16,,CC-130-PMO
260,EMP000260,Mrs. Kristen Reyes,mrs..reyes.260@examplecorp.com,2022-12-07,,CC-110-HR
261,EMP000261,Katie Suarez,katie.suarez.261@examplecorp.com,2023-03-25,,CC-150-SALES
262,EMP000262,Desiree Tyler,desiree.tyler.262@examplecorp.com,2018-01-11,,CC-140-OPS
263,EMP000263,Timothy Romero,timothy.romero.263@examplecorp.com,2023-09-08,,CC-130-PMO
264,EMP000264,Diane Evans,diane.evans.264@examplecorp.com,2024-04-05,,CC-120-ENG
265,EMP000265,Yvonne Burns,yvonne.burns.265@examplecorp.com,2018-08-13,,CC-160-MKT
266,EMP000266,Joshua Reed,joshua.reed.266@examplecorp.com,2025-06-25,2026-01-16,CC-110-HR
267,EMP000267,Kimberly Gibson,kimberly.gibson.267@examplecorp.com,2023-06-01,,CC-140-OPS
268,EMP000268,Colin Terry,colin.terry.268@examplecorp.com,2022-06-29,,CC-100-FIN
269,EMP000269,Cynthia Rowe,cynthia.rowe.269@examplecorp.com,2020-07-17,,CC-110-HR
270,EMP000270,Patrick Thornton,patrick.thornton.270@examplecorp.com,2020-06-20,,CC-160-MKT
271,EMP000271,Jasmin Alvarado,jasmin.alvarado.271@examplecorp.com,2017-11-24,,CC-140-OPS
272,EMP000272,Veronica Simpson,veronica.simpson.272@examplecorp.com,2022-11-12,,CC-140-OPS
273,EMP000273,Jonathan Lawrence,jonathan.lawrence.273@examplecorp.com,2015-02-11,,CC-110-HR
274,EMP000274,Shelly Alexander,shelly.alexander.274@examplecorp.com,2015-12-17,,CC-130-PMO
275,EMP000275,Joyce Bowen,joyce.bowen.275@examplecorp.com,2020-06-24,,CC-110-HR
276,EMP000276,Matthew Moore,matthew.moore.276@examplecorp.com,2022-09-29,,CC-150-SALES
277,EMP000277,Wayne Morgan,wayne.morgan.277@examplecorp.com,2020-07-03,,CC-100-FIN
278,EMP000278,Marie Christian,marie.christian.278@examplecorp.com,2016-01-17,,CC-130-PMO
279,EMP000279,Shannon James,shannon.james.279@examplecorp.com,2022-10-04,,CC-150-SALES
280,EMP000280,Nathan Malone,nathan.malone.280@examplecorp.com,2021-07-10,,CC-140-OPS
281,EMP000281,Amanda Jones,amanda.jones.281@examplecorp.com,2020-12-14,,CC-150-SALES
282,EMP000282,Tammie Bright,tammie.bright.282@examplecorp.com,2021-03-04,,CC-150-SALES
283,EMP000283,Jessica Garcia,jessica.garcia.283@examplecorp.com,2020-02-02,,CC-120-ENG
284,EMP000284,Shelia Wallace,shelia.wallace.284@examplecorp.com,2017-08-02,,CC-110-HR
285,EMP000285,Stephanie Williams,stephanie.williams.285@examplecorp.com,2018-07-16,2024-10-16,CC-160-MKT
286,EMP000286,Elaine Brooks,elaine.brooks.286@examplecorp.com,2022-09-27,,CC-110-HR
287,EMP000287,Joseph Knight,joseph.knight.287@examplecorp.com,2023-04-14,,CC-150-SALES
288,EMP000288,Carolyn Miller,carolyn.miller.288@examplecorp.com,2021-08-11,,CC-140-OPS
289,EMP000289,Lisa Allen,lisa.allen.289@examplecorp.com,2021-09-10,,CC-100-FIN
290,EMP000290,Briana Murray,briana.murray.290@examplecorp.com,2024-05-03,,CC-110-HR
291,EMP000291,David Smith,david.smith.291@examplecorp.com,2019-01-18,,CC-100-FIN
292,EMP000292,Stephanie Byrd,stephanie.byrd.292@examplecorp.com,2022-12-10,,CC-120-ENG
293,EMP000293,Jeremy Reed,jeremy.reed.293@examplecorp.com,2015-07-06,,CC-140-OPS
294,EMP000294,Margaret Coleman,margaret.coleman.294@examplecorp.com,2018-04-11,,CC-110-HR
295,EMP000295,Ryan Gonzalez,ryan.gonzalez.295@examplecorp.com,2022-02-25,,CC-130-PMO
296,EMP000296,John Young,john.young.296@examplecorp.com,2016-02-25,,CC-140-OPS
297,EMP000297,Laura Haney,laura.haney.297@examplecorp.com,2018-03-10,,CC-130-PMO
298,EMP000298,William Barrett,william.barrett.298@examplecorp.com,2018-10-27,,CC-100-FIN
299,EMP000299,Keith Jennings,keith.jennings.299@examplecorp.com,2017-10-31,,CC-130-PMO
300,EMP000300,Amber Obrien,amber.obrien.300@examplecorp.com,2016-04-12,,CC-130-PMO
301,EMP000301,Tanner Mitchell DDS,tanner.dds.301@examplecorp.com,2020-07-07,2024-04-16,CC-150-SALES
302,EMP000302,Heather Fields,heather.fields.302@examplecorp.com,2015-08-08,,CC-160-MKT
303,EMP000303,Megan Le,megan.le.303@examplecorp.com,2021-04-24,,CC-100-FIN
304,EMP000304,Sara Fuller,sara.fuller.304@examplecorp.com,2017-10-13,2022-09-11,CC-140-OPS
305,EMP000305,Maria Parker,maria.parker.305@examplecorp.com,2021-09-07,,CC-110-HR
306,EMP000306,Kevin Oconnor,kevin.oconnor.306@examplecorp.com,2023-09-13,,CC-130-PMO
307,EMP000307,Edward Burgess,edward.burgess.307@examplecorp.com,2025-03-10,,CC-160-MKT
308,EMP000308,Carlos Ryan,carlos.ryan.308@examplecorp.com,2021-08-07,,CC-120-ENG
309,EMP000309,Kiara Mcintyre,kiara.mcintyre.309@examplecorp.com,2021-05-18,,CC-140-OPS
310,EMP000310,Dawn Summers,dawn.summers.310@examplecorp.com,2025-10-07,,CC-160-MKT
311,EMP000311,Dr. Paul Morgan,dr..morgan.311@examplecorp.com,2017-05-01,,CC-120-ENG
312,EMP000312,Victor Taylor,victor.taylor.312@examplecorp.com,2022-05-29,2023-12-31,CC-110-HR
313,EMP000313,Shannon Ramsey,shannon.ramsey.313@examplecorp.com,2021-03-10,2021-06-13,CC-130-PMO
314,EMP000314,Tracy Ballard,tracy.ballard.314@examplecorp.com,2020-01-20,,CC-130-PMO
315,EMP000315,Richard Smith,richard.smith.315@examplecorp.com,2018-04-07,2021-09-28,CC-150-SALES
316,EMP000316,Jordan Chambers,jordan.chambers.316@examplecorp.com,2018-03-04,,CC-130-PMO
317,EMP000317,Lauren Carson,lauren.carson.317@examplecorp.com,2015-10-19,,CC-120-ENG
318,EMP000318,Ashley Hall,ashley.hall.318@examplecorp.com,2023-11-01,,CC-140-OPS
319,EMP000319,Stephen Hoffman,stephen.hoffman.319@examplecorp.com,2022-06-01,,CC-110-HR
320,EMP000320,Connie Brown,connie.brown.320@examplecorp.com,2019-10-08,2022-07-14,CC-150-SALES
321,EMP000321,Susan Turner,susan.turner.321@examplecorp.com,2016-09-02,,CC-160-MKT
322,EMP000322,Charles Shah,charles.shah.322@examplecorp.com,2016-08-05,2018-09-13,CC-160-MKT
323,EMP000323,Johnathan Davis,johnathan.davis.323@examplecorp.com,2018-06-13,,CC-160-MKT
324,EMP000324,Brandy Chavez,brandy.chavez.324@examplecorp.com,2021-05-20,,CC-130-PMO
325,EMP000325,Natalie Bautista,natalie.bautista.325@examplecorp.com,2016-05-24,,CC-120-ENG
326,EMP000326,Patrick Moore,patrick.moore.326@examplecorp.com,2022-11-06,,CC-120-ENG
327,EMP000327,Brett Burns,brett.burns.327@examplecorp.com,2020-08-11,,CC-130-PMO
328,EMP000328,Trevor Johnson,trevor.johnson.328@examplecorp.com,2015-11-26,,CC-130-PMO
329,EMP000329,Jeremy Sampson,jeremy.sampson.329@examplecorp.com,2023-03-28,,CC-120-ENG
330,EMP000330,Ariana Jennings,ariana.jennings.330@examplecorp.com,2015-04-16,2023-02-04,CC-160-MKT
331,EMP000331,Vanessa Howard,vanessa.howard.331@examplecorp.com,2024-08-25,,CC-100-FIN
332,EMP000332,Colton Martinez,colton.martinez.332@examplecorp.com,2023-07-30,,CC-120-ENG
333,EMP000333,Jordan Bates,jordan.bates.333@examplecorp.com,2021-06-18,2025-12-12,CC-110-HR
334,EMP000334,Linda Smith,linda.smith.334@examplecorp.com,2020-04-11,,CC-130-PMO
335,EMP000335,Dana Martinez,dana.martinez.335@examplecorp.com,2025-04-10,,CC-140-OPS
336,EMP000336,Andrea Hubbard,andrea.hubbard.336@examplecorp.com,2019-11-21,,CC-130-PMO
337,EMP000337,Daniel Kane,daniel.kane.337@examplecorp.com,2025-11-13,2026-02-22,CC-130-PMO
338,EMP000338,Charles Lester,charles.lester.338@examplecorp.com,2018-09-27,,CC-100-FIN
339,EMP000339,Scott Thomas,scott.thomas.339@examplecorp.com,2024-08-14,,CC-130-PMO
340,EMP000340,David Thompson,david.thompson.340@examplecorp.com,2022-10-12,,CC-150-SALES
341,EMP000341,Allison Smith,allison.smith.341@examplecorp.com,2025-08-07,,CC-160-MKT
342,EMP000342,Cynthia Morris,cynthia.morris.342@examplecorp.com,2021-03-03,2021-11-28,CC-120-ENG
343,EMP000343,Anthony Harmon,anthony.harmon.343@examplecorp.com,2017-10-30,,CC-160-MKT
344,EMP000344,Nichole Alvarez,nichole.alvarez.344@examplecorp.com,2019-07-14,,CC-160-MKT
345,EMP000345,Kayla Rodriguez,kayla.rodriguez.345@examplecorp.com,2015-01-05,,CC-140-OPS
346,EMP000346,Theresa Williams,theresa.williams.346@examplecorp.com,2020-03-07,,CC-110-HR
347,EMP000347,Sharon Boyd,sharon.boyd.347@examplecorp.com,2020-10-24,,CC-160-MKT
348,EMP000348,Victor Brown,victor.brown.348@examplecorp.com,2020-08-03,,CC-160-MKT
349,EMP000349,James Parks,james.parks.349@examplecorp.com,2015-07-31,,CC-140-OPS
350,EMP000350,Theodore Jones Jr.,theodore.jr..350@examplecorp.com,2016-06-20,,CC-130-PMO
351,EMP000351,Ana Hill,ana.hill.351@examplecorp.com,2024-11-16,,CC-100-FIN
352,EMP000352,Kimberly Nguyen,kimberly.nguyen.352@examplecorp.com,2015-04-29,,CC-140-OPS
353,EMP000353,Kerry Chavez DDS,kerry.dds.353@examplecorp.com,2023-12-18,,CC-110-HR
354,EMP000354,Michael Farrell,michael.farrell.354@examplecorp.com,2018-06-26,,CC-140-OPS
355,EMP000355,Patricia Le,patricia.le.355@examplecorp.com,2019-07-30,2021-02-03,CC-130-PMO
356,EMP000356,Jesse Perez,jesse.perez.356@examplecorp.com,2025-08-15,2026-02-27,CC-110-HR
357,EMP000357,Jesse Perry,jesse.perry.357@examplecorp.com,2020-08-03,,CC-120-ENG
358,EMP000358,Jeffery Ortega,jeffery.ortega.358@examplecorp.com,2020-09-15,,CC-130-PMO
359,EMP000359,Christian Leblanc,christian.leblanc.359@examplecorp.com,2024-05-12,,CC-130-PMO
360,EMP000360,Ronald Davis,ronald.davis.360@examplecorp.com,2017-09-25,,CC-110-HR
361,EMP000361,Parker Cain,parker.cain.361@examplecorp.com,2019-04-21,,CC-140-OPS
362,EMP000362,Laurie Hoffman,laurie.hoffman.362@examplecorp.com,2020-09-12,,CC-110-HR
363,EMP000363,Bryan Gomez,bryan.gomez.363@examplecorp.com,2024-09-09,2026-01-07,CC-160-MKT
364,EMP000364,Nicole Parrish,nicole.parrish.364@examplecorp.com,2024-07-31,,CC-160-MKT
365,EMP000365,Tracy Burke,tracy.burke.365@examplecorp.com,2020-09-10,,CC-100-FIN
366,EMP000366,Kenneth Lewis,kenneth.lewis.366@examplecorp.com,2018-03-04,,CC-160-MKT
367,EMP000367,Courtney Rodriguez,courtney.rodriguez.367@examplecorp.com,2021-08-01,,CC-150-SALES
368,EMP000368,Holly Farmer,holly.farmer.368@examplecorp.com,2020-06-28,,CC-130-PMO
369,EMP000369,Renee Bruce,renee.bruce.369@examplecorp.com,2021-01-15,,CC-120-ENG
370,EMP000370,Sabrina Austin,sabrina.austin.370@examplecorp.com,2021-03-10,,CC-130-PMO
371,EMP000371,Allison Hickman,allison.hickman.371@examplecorp.com,2020-02-09,,CC-160-MKT
372,EMP000372,Debra White,debra.white.372@examplecorp.com,2017-02-11,,CC-110-HR
373,EMP000373,Ellen Morgan,ellen.morgan.373@examplecorp.com,2021-05-31,,CC-160-MKT
374,EMP000374,Sergio Knight,sergio.knight.374@examplecorp.com,2023-09-12,,CC-120-ENG
375,EMP000375,Charles Schultz,charles.schultz.375@examplecorp.com,2023-05-09,,CC-160-MKT
376,EMP000376,Paul Lewis,paul.lewis.376@examplecorp.com,2019-04-11,,CC-150-SALES
377,EMP000377,Glen Wood,glen.wood.377@examplecorp.com,2023-11-20,,CC-110-HR
378,EMP000378,Paula Bradley,paula.bradley.378@examplecorp.com,2020-07-21,,CC-110-HR
379,EMP000379,Anthony Moore,anthony.moore.379@examplecorp.com,2020-08-19,,CC-120-ENG
380,EMP000380,Megan Nelson,megan.nelson.380@examplecorp.com,2024-10-02,2025-08-13,CC-100-FIN
381,EMP000381,Karla Ramos,karla.ramos.381@examplecorp.com,2020-11-24,,CC-100-FIN
382,EMP000382,Paul Wilson,paul.wilson.382@examplecorp.com,2023-02-07,,CC-160-MKT
383,EMP000383,Douglas Gregory,douglas.gregory.383@examplecorp.com,2022-05-05,,CC-100-FIN
384,EMP000384,Mr. Andrew Foster,mr..foster.384@examplecorp.com,2020-04-07,,CC-120-ENG
385,EMP000385,Aimee Turner,aimee.turner.385@examplecorp.com,2018-10-18,,CC-130-PMO
386,EMP000386,Chad Scott,chad.scott.386@examplecorp.com,2022-04-15,2024-05-16,CC-160-MKT
387,EMP000387,Adam Burgess,adam.burgess.387@examplecorp.com,2022-07-25,,CC-130-PMO
388,EMP000388,James Padilla,james.padilla.388@examplecorp.com,2025-09-13,,CC-150-SALES
389,EMP000389,Sandra Drake,sandra.drake.389@examplecorp.com,2024-12-13,,CC-160-MKT
390,EMP000390,Scott Williams,scott.williams.390@examplecorp.com,2021-01-25,2021-09-12,CC-110-HR
391,EMP000391,Thomas Atkins,thomas.atkins.391@examplecorp.com,2022-01-29,,CC-120-ENG
392,EMP000392,Laura Mckinney,laura.mckinney.392@examplecorp.com,2017-07-20,,CC-130-PMO
393,EMP000393,Brian Smith,brian.smith.393@examplecorp.com,2025-12-21,,CC-150-SALES
394,EMP000394,Robert Montgomery,robert.montgomery.394@examplecorp.com,2022-11-23,,CC-130-PMO
395,EMP000395,Tamara Davis,tamara.davis.395@examplecorp.com,2016-11-12,,CC-100-FIN
396,EMP000396,Dana Chapman,dana.chapman.396@examplecorp.com,2015-07-08,,CC-100-FIN
397,EMP000397,Jennifer Collins,jennifer.collins.397@examplecorp.com,2018-04-16,,CC-130-PMO
398,EMP000398,Gary Jackson,gary.jackson.398@examplecorp.com,2016-08-19,,CC-130-PMO
399,EMP000399,Ashley Hicks,ashley.hicks.399@examplecorp.com,2021-05-07,,CC-110-HR
400,EMP000400,Hannah Luna,hannah.luna.400@examplecorp.com,2016-11-27,,CC-140-OPS
401,EMP000401,Robin Young,robin.young.401@examplecorp.com,2024-10-06,,CC-150-SALES
402,EMP000402,Craig Morrison,craig.morrison.402@examplecorp.com,2017-09-13,,CC-140-OPS
403,EMP000403,Mary Thompson,mary.thompson.403@examplecorp.com,2016-08-09,,CC-150-SALES
404,EMP000404,Kathleen Webster,kathleen.webster.404@examplecorp.com,2017-11-06,,CC-150-SALES
405,EMP000405,Joann Glass,joann.glass.405@examplecorp.com,2015-02-08,,CC-130-PMO
406,EMP000406,Madison Weber,madison.weber.406@examplecorp.com,2025-02-08,,CC-140-OPS
407,EMP000407,Lori Hernandez,lori.hernandez.407@examplecorp.com,2016-10-09,2020-11-22,CC-140-OPS
408,EMP000408,Jeremy Turner,jeremy.turner.408@examplecorp.com,2018-05-10,,CC-130-PMO
409,EMP000409,Anthony Romero,anthony.romero.409@examplecorp.com,2022-09-28,,CC-160-MKT
410,EMP000410,Jesse Brown,jesse.brown.410@examplecorp.com,2018-05-22,,CC-130-PMO
411,EMP000411,Angela Lin,angela.lin.411@examplecorp.com,2024-07-27,,CC-110-HR
412,EMP000412,Lisa Hunter,lisa.hunter.412@examplecorp.com,2019-04-12,,CC-140-OPS
413,EMP000413,Julian Conner,julian.conner.413@examplecorp.com,2018-04-26,,CC-120-ENG
414,EMP000414,Joanna Pacheco,joanna.pacheco.414@examplecorp.com,2015-03-31,,CC-150-SALES
415,EMP000415,Erica Alvarez,erica.alvarez.415@examplecorp.com,2019-06-10,,CC-140-OPS
416,EMP000416,Antonio Garcia,antonio.garcia.416@examplecorp.com,2024-09-13,,CC-150-SALES
417,EMP000417,Gwendolyn Klein,gwendolyn.klein.417@examplecorp.com,2025-12-01,,CC-140-OPS
418,EMP000418,Carrie Wright,carrie.wright.418@examplecorp.com,2023-05-11,,CC-120-ENG
419,EMP000419,Jeffrey Mills,jeffrey.mills.419@examplecorp.com,2023-09-13,,CC-140-OPS
420,EMP000420,Jake Campbell,jake.campbell.420@examplecorp.com,2023-12-29,,CC-150-SALES
421,EMP000421,George Harper,george.harper.421@examplecorp.com,2017-02-17,,CC-150-SALES
422,EMP000422,Maria Jones,maria.jones.422@examplecorp.com,2023-06-22,,CC-150-SALES
423,EMP000423,Michael Mitchell,michael.mitchell.423@examplecorp.com,2022-08-20,,CC-150-SALES
424,EMP000424,Mary Escobar,mary.escobar.424@examplecorp.com,2016-02-02,,CC-150-SALES
425,EMP000425,Felicia Aguilar,felicia.aguilar.425@examplecorp.com,2015-06-11,,CC-130-PMO
426,EMP000426,Gregory Ponce,gregory.ponce.426@examplecorp.com,2015-05-17,,CC-150-SALES
427,EMP000427,Jenna Larson,jenna.larson.427@examplecorp.com,2016-06-22,2020-01-11,CC-120-ENG
428,EMP000428,Emily Bennett,emily.bennett.428@examplecorp.com,2023-05-20,,CC-110-HR
429,EMP000429,Robin Santiago,robin.santiago.429@examplecorp.com,2016-06-25,,CC-120-ENG
430,EMP000430,Nancy Jennings,nancy.jennings.430@examplecorp.com,2020-12-14,,CC-120-ENG
431,EMP000431,Maria Henderson,maria.henderson.431@examplecorp.com,2024-04-24,,CC-160-MKT
432,EMP000432,Jack White,jack.white.432@examplecorp.com,2025-08-03,,CC-160-MKT
433,EMP000433,Travis Tucker,travis.tucker.433@examplecorp.com,2018-04-23,,CC-120-ENG
434,EMP000434,Chad Jones,chad.jones.434@examplecorp.com,2024-01-08,2024-06-23,CC-110-HR
435,EMP000435,Ashley Wise,ashley.wise.435@examplecorp.com,2023-06-17,,CC-160-MKT
436,EMP000436,Sophia Johnson,sophia.johnson.436@examplecorp.com,2022-08-02,,CC-130-PMO
437,EMP000437,Ralph Anderson,ralph.anderson.437@examplecorp.com,2025-11-05,,CC-140-OPS
438,EMP000438,Christopher Guerra,christopher.guerra.438@examplecorp.com,2019-02-07,2023-10-10,CC-100-FIN
439,EMP000439,Rhonda Martin,rhonda.martin.439@examplecorp.com,2017-12-19,,CC-130-PMO
440,EMP000440,Jason Rhodes,jason.rhodes.440@examplecorp.com,2019-02-18,,CC-150-SALES
441,EMP000441,Jeremy Mitchell,jeremy.mitchell.441@examplecorp.com,2017-12-09,,CC-160-MKT
442,EMP000442,Joann Ferguson,joann.ferguson.442@examplecorp.com,2022-02-28,,CC-100-FIN
443,EMP000443,Robert Harrison,robert.harrison.443@examplecorp.com,2022-07-27,,CC-100-FIN
444,EMP000444,Holly Valentine,holly.valentine.444@examplecorp.com,2021-12-12,,CC-140-OPS
445,EMP000445,Mrs. Diane Reyes,mrs..reyes.445@examplecorp.com,2018-09-05,,CC-110-HR
446,EMP000446,Tracy Montoya,tracy.montoya.446@examplecorp.com,2022-04-06,2025-02-09,CC-150-SALES
447,EMP000447,Brenda Wright,brenda.wright.447@examplecorp.com,2018-05-22,,CC-100-FIN
448,EMP000448,Shelly Spencer,shelly.spencer.448@examplecorp.com,2016-07-26,2017-03-25,CC-120-ENG
449,EMP000449,Ryan Rosales,ryan.rosales.449@examplecorp.com,2020-07-10,2022-01-31,CC-140-OPS
450,EMP000450,Phillip Nelson,phillip.nelson.450@examplecorp.com,2016-07-09,,CC-120-ENG
451,EMP000451,Brittany Kim,brittany.kim.451@examplecorp.com,2022-07-09,,CC-150-SALES
452,EMP000452,Courtney Hayes,courtney.hayes.452@examplecorp.com,2025-08-10,,CC-140-OPS
453,EMP000453,Alexander Brown,alexander.brown.453@examplecorp.com,2023-04-29,,CC-130-PMO
454,EMP000454,Cynthia Vang,cynthia.vang.454@examplecorp.com,2022-05-06,2025-05-02,CC-140-OPS
455,EMP000455,Alfred Galvan,alfred.galvan.455@examplecorp.com,2019-07-30,,CC-120-ENG
456,EMP000456,Marie Moody,marie.moody.456@examplecorp.com,2015-05-15,,CC-110-HR
457,EMP000457,Dustin Gallegos,dustin.gallegos.457@examplecorp.com,2019-12-22,,CC-110-HR
458,EMP000458,Brenda Thornton,brenda.thornton.458@examplecorp.com,2024-08-04,,CC-150-SALES
459,EMP000459,Aaron Miller,aaron.miller.459@examplecorp.com,2019-02-13,,CC-150-SALES
460,EMP000460,Ruben Dunn,ruben.dunn.460@examplecorp.com,2019-01-09,2022-05-13,CC-110-HR
461,EMP000461,Kelsey Rodriguez,kelsey.rodriguez.461@examplecorp.com,2025-11-09,,CC-160-MKT
462,EMP000462,Eric Williams,eric.williams.462@examplecorp.com,2024-03-29,,CC-150-SALES
463,EMP000463,Riley Bryant,riley.bryant.463@examplecorp.com,2017-05-18,,CC-140-OPS
464,EMP000464,Taylor Carlson,taylor.carlson.464@examplecorp.com,2025-11-21,2026-02-24,CC-110-HR
465,EMP000465,Jose Allen,jose.allen.465@examplecorp.com,2016-05-30,,CC-110-HR
466,EMP000466,Jeffrey Mendez,jeffrey.mendez.466@examplecorp.com,2015-10-09,,CC-140-OPS
467,EMP000467,Jason Beck,jason.beck.467@examplecorp.com,2017-04-28,,CC-160-MKT
468,EMP000468,William Jones,william.jones.468@examplecorp.com,2024-10-02,,CC-160-MKT
469,EMP000469,Katie Mcneil,katie.mcneil.469@examplecorp.com,2016-08-27,,CC-140-OPS
470,EMP000470,Jeanette Harrison,jeanette.harrison.470@examplecorp.com,2015-01-12,,CC-110-HR
471,EMP000471,Veronica King,veronica.king.471@examplecorp.com,2016-06-16,,CC-160-MKT
472,EMP000472,Richard Cooper,richard.cooper.472@examplecorp.com,2016-12-15,2017-06-28,CC-110-HR
473,EMP000473,Lori Ingram,lori.ingram.473@examplecorp.com,2015-03-02,,CC-160-MKT
474,EMP000474,Evelyn Williams,evelyn.williams.474@examplecorp.com,2017-09-01,,CC-100-FIN
475,EMP000475,Robin Thompson,robin.thompson.475@examplecorp.com,2016-12-14,,CC-110-HR
476,EMP000476,Julie Dominguez,julie.dominguez.476@examplecorp.com,2023-04-27,,CC-100-FIN
477,EMP000477,Robin Brown,robin.brown.477@examplecorp.com,2023-05-13,2024-11-12,CC-160-MKT
478,EMP000478,Judith Carter,judith.carter.478@examplecorp.com,2019-01-22,,CC-100-FIN
479,EMP000479,Curtis Williams,curtis.williams.479@examplecorp.com,2020-01-26,,CC-140-OPS
480,EMP000480,Kaylee Hays,kaylee.hays.480@examplecorp.com,2015-06-27,,CC-160-MKT
481,EMP000481,Dawn Mullins,dawn.mullins.481@examplecorp.com,2022-05-22,,CC-130-PMO
482,EMP000482,Howard Norman,howard.norman.482@examplecorp.com,2022-03-20,,CC-100-FIN
483,EMP000483,Evelyn Martinez,evelyn.martinez.483@examplecorp.com,2020-05-15,,CC-130-PMO
484,EMP000484,Steve Paul,steve.paul.484@examplecorp.com,2022-09-11,2025-06-05,CC-100-FIN
485,EMP000485,Jasmine Beltran,jasmine.beltran.485@examplecorp.com,2025-01-31,2025-07-15,CC-100-FIN
486,EMP000486,Jonathan Glass MD,jonathan.md.486@examplecorp.com,2016-05-31,,CC-150-SALES
487,EMP000487,Monica Miller,monica.miller.487@examplecorp.com,2021-07-25,,CC-120-ENG
488,EMP000488,Samantha Gardner,samantha.gardner.488@examplecorp.com,2019-04-10,,CC-140-OPS
489,EMP000489,Bobby Guerrero,bobby.guerrero.489@examplecorp.com,2018-04-22,,CC-140-OPS
490,EMP000490,Lance Simmons,lance.simmons.490@examplecorp.com,2019-10-29,2021-05-09,CC-160-MKT
491,EMP000491,Heather Williams,heather.williams.491@examplecorp.com,2022-05-05,,CC-160-MKT
492,EMP000492,Heather Bolton,heather.bolton.492@examplecorp.com,2021-03-08,,CC-110-HR
493,EMP000493,William Gould,william.gould.493@examplecorp.com,2019-10-28,,CC-110-HR
494,EMP000494,Mark Cox,mark.cox.494@examplecorp.com,2019-08-22,,CC-130-PMO
495,EMP000495,Meghan Cisneros,meghan.cisneros.495@examplecorp.com,2019-06-22,,CC-100-FIN
496,EMP000496,Lawrence Harrington,lawrence.harrington.496@examplecorp.com,2018-07-04,,CC-150-SALES
497,EMP000497,Austin Osborne,austin.osborne.497@examplecorp.com,2017-11-10,,CC-110-HR
498,EMP000498,James Bradley,james.bradley.498@examplecorp.com,2022-09-14,,CC-100-FIN
499,EMP000499,Meghan Rush,meghan.rush.499@examplecorp.com,2016-01-09,,CC-100-FIN
500,EMP000500,Phillip Berry,phillip.berry.500@examplecorp.com,2019-11-04,2024-04-07,CC-160-MKT
501,EMP000501,Jennifer Banks,jennifer.banks.501@examplecorp.com,2016-06-16,,CC-140-OPS
502,EMP000502,Brian Fitzgerald,brian.fitzgerald.502@examplecorp.com,2025-09-23,,CC-120-ENG
503,EMP000503,Mr. Justin Green III,mr..iii.503@examplecorp.com,2022-07-07,,CC-120-ENG
504,EMP000504,Zachary Mitchell,zachary.mitchell.504@examplecorp.com,2024-10-18,,CC-160-MKT
505,EMP000505,Katherine Martinez,katherine.martinez.505@examplecorp.com,2019-09-29,,CC-150-SALES
506,EMP000506,Jodi Roach,jodi.roach.506@examplecorp.com,2015-07-30,,CC-140-OPS
507,EMP000507,Brandon Fleming,brandon.fleming.507@examplecorp.com,2018-07-03,,CC-140-OPS
508,EMP000508,Emma Reed,emma.reed.508@examplecorp.com,2020-09-09,,CC-150-SALES
509,EMP000509,Joshua Vance,joshua.vance.509@examplecorp.com,2020-05-29,,CC-100-FIN
510,EMP000510,Michelle Ho,michelle.ho.510@examplecorp.com,2018-12-05,,CC-120-ENG
511,EMP000511,Rebecca Hicks,rebecca.hicks.511@examplecorp.com,2016-04-15,,CC-140-OPS
512,EMP000512,Curtis Taylor,curtis.taylor.512@examplecorp.com,2017-07-15,,CC-160-MKT
513,EMP000513,Allison Spencer,allison.spencer.513@examplecorp.com,2021-04-16,,CC-160-MKT
514,EMP000514,Robert Arnold,robert.arnold.514@examplecorp.com,2021-12-21,,CC-150-SALES
515,EMP000515,Angelica Parker,angelica.parker.515@examplecorp.com,2021-03-30,2025-03-06,CC-160-MKT
516,EMP000516,Dr. Kelly Hammond DVM,dr..dvm.516@examplecorp.com,2022-10-11,,CC-110-HR
517,EMP000517,William Day,william.day.517@examplecorp.com,2018-01-24,,CC-120-ENG
518,EMP000518,Michael Cooper,michael.cooper.518@examplecorp.com,2025-05-02,,CC-100-FIN
519,EMP000519,Penny Bowman,penny.bowman.519@examplecorp.com,2017-01-13,,CC-140-OPS
520,EMP000520,Vincent Reynolds,vincent.reynolds.520@examplecorp.com,2022-05-16,,CC-110-HR
521,EMP000521,Amy Martinez,amy.martinez.521@examplecorp.com,2023-04-24,,CC-100-FIN
522,EMP000522,Christopher Morris,christopher.morris.522@examplecorp.com,2016-01-11,,CC-110-HR
523,EMP000523,Hannah Everett,hannah.everett.523@examplecorp.com,2019-03-21,,CC-120-ENG
524,EMP000524,Sarah King,sarah.king.524@examplecorp.com,2016-10-06,,CC-150-SALES
525,EMP000525,Krista Martinez,krista.martinez.525@examplecorp.com,2018-08-21,,CC-140-OPS
526,EMP000526,Joseph Shaw,joseph.shaw.526@examplecorp.com,2021-09-08,2022-03-24,CC-110-HR
527,EMP000527,Todd Moore,todd.moore.527@examplecorp.com,2016-10-06,,CC-100-FIN
528,EMP000528,Michelle Jacobs,michelle.jacobs.528@examplecorp.com,2022-07-23,2025-04-15,CC-150-SALES
529,EMP000529,Kristy Bryan,kristy.bryan.529@examplecorp.com,2019-10-03,,CC-130-PMO
530,EMP000530,Angel May,angel.may.530@examplecorp.com,2019-08-24,,CC-160-MKT
531,EMP000531,Marilyn Wang,marilyn.wang.531@examplecorp.com,2020-09-29,2023-05-27,CC-100-FIN
532,EMP000532,Mark Jimenez,mark.jimenez.532@examplecorp.com,2018-03-06,,CC-140-OPS
533,EMP000533,Donna Frye,donna.frye.533@examplecorp.com,2020-06-16,,CC-120-ENG
534,EMP000534,Dr. Michael Evans,dr..evans.534@examplecorp.com,2015-07-06,,CC-140-OPS
535,EMP000535,Anthony Gonzales,anthony.gonzales.535@examplecorp.com,2015-08-13,2019-03-29,CC-110-HR
536,EMP000536,Mr. Lawrence Edwards,mr..edwards.536@examplecorp.com,2023-08-10,,CC-120-ENG
537,EMP000537,Morgan Valencia,morgan.valencia.537@examplecorp.com,2018-03-31,,CC-100-FIN
538,EMP000538,Bianca Wood,bianca.wood.538@examplecorp.com,2020-07-30,,CC-110-HR
539,EMP000539,Emma Owens,emma.owens.539@examplecorp.com,2016-06-13,,CC-150-SALES
540,EMP000540,David Davis,david.davis.540@examplecorp.com,2017-07-31,,CC-160-MKT
541,EMP000541,James Gilbert,james.gilbert.541@examplecorp.com,2022-06-29,,CC-100-FIN
542,EMP000542,Sean Moore,sean.moore.542@examplecorp.com,2019-06-15,,CC-100-FIN
543,EMP000543,Kenneth Edwards,kenneth.edwards.543@examplecorp.com,2019-11-22,2021-01-03,CC-160-MKT
544,EMP000544,Kathleen Robertson,kathleen.robertson.544@examplecorp.com,2018-07-06,,CC-140-OPS
545,EMP000545,Mr. Alexander Landry MD,mr..md.545@examplecorp.com,2019-07-15,,CC-130-PMO
546,EMP000546,Cindy Gomez,cindy.gomez.546@examplecorp.com,2018-03-31,2018-09-22,CC-120-ENG
547,EMP000547,Johnny Khan,johnny.khan.547@examplecorp.com,2016-12-04,,CC-140-OPS
548,EMP000548,Julie Herrera,julie.herrera.548@examplecorp.com,2020-02-28,,CC-120-ENG
549,EMP000549,Jessica Khan,jessica.khan.549@examplecorp.com,2015-12-27,,CC-100-FIN
550,EMP000550,Pamela Diaz,pamela.diaz.550@examplecorp.com,2017-09-23,,CC-130-PMO
551,EMP000551,Kelly Lee,kelly.lee.551@examplecorp.com,2020-11-16,2026-01-01,CC-120-ENG
552,EMP000552,Angel Gordon,angel.gordon.552@examplecorp.com,2023-05-13,,CC-120-ENG
553,EMP000553,Diana Hays,diana.hays.553@examplecorp.com,2023-09-27,,CC-140-OPS
554,EMP000554,Barbara Hester,barbara.hester.554@examplecorp.com,2022-02-06,2025-03-16,CC-110-HR
555,EMP000555,Robert Morgan,robert.morgan.555@examplecorp.com,2025-02-27,,CC-120-ENG
556,EMP000556,Nicole Gonzalez,nicole.gonzalez.556@examplecorp.com,2023-02-27,,CC-150-SALES
557,EMP000557,Kathryn Williams,kathryn.williams.557@examplecorp.com,2024-02-21,,CC-100-FIN
558,EMP000558,Gary Wells,gary.wells.558@examplecorp.com,2016-08-22,,CC-110-HR
559,EMP000559,Larry Robertson,larry.robertson.559@examplecorp.com,2021-10-03,,CC-160-MKT
560,EMP000560,Louis Martin,louis.martin.560@examplecorp.com,2022-05-08,2026-02-12,CC-130-PMO
561,EMP000561,Nancy Evans MD,nancy.md.561@examplecorp.com,2020-03-15,,CC-160-MKT
562,EMP000562,Kim Erickson,kim.erickson.562@examplecorp.com,2021-07-01,,CC-140-OPS
563,EMP000563,Robert Richardson,robert.richardson.563@examplecorp.com,2022-03-18,,CC-140-OPS
564,EMP000564,Veronica Silva,veronica.silva.564@examplecorp.com,2018-08-16,,CC-150-SALES
565,EMP000565,Molly Watts,molly.watts.565@examplecorp.com,2018-07-18,,CC-100-FIN
566,EMP000566,John Coffey,john.coffey.566@examplecorp.com,2020-04-04,,CC-120-ENG
567,EMP000567,Paula Lane,paula.lane.567@examplecorp.com,2023-12-06,,CC-100-FIN
568,EMP000568,Lauren Jackson,lauren.jackson.568@examplecorp.com,2018-12-12,,CC-120-ENG
569,EMP000569,Lisa Randall,lisa.randall.569@examplecorp.com,2020-03-06,,CC-100-FIN
570,EMP000570,Michael Johnson,michael.johnson.570@examplecorp.com,2019-02-19,,CC-100-FIN
571,EMP000571,Ashley Smith,ashley.smith.571@examplecorp.com,2022-03-25,,CC-160-MKT
572,EMP000572,Christian Vaughn,christian.vaughn.572@examplecorp.com,2016-01-05,,CC-140-OPS
573,EMP000573,Reginald Knapp,reginald.knapp.573@examplecorp.com,2019-04-24,,CC-140-OPS
574,EMP000574,Nancy Brown,nancy.brown.574@examplecorp.com,2025-09-13,,CC-100-FIN
575,EMP000575,Daniel Nguyen,daniel.nguyen.575@examplecorp.com,2020-01-17,,CC-140-OPS
576,EMP000576,Kelly Edwards,kelly.edwards.576@examplecorp.com,2022-04-23,,CC-140-OPS
577,EMP000577,Thomas Peterson,thomas.peterson.577@examplecorp.com,2020-05-02,,CC-100-FIN
578,EMP000578,Raymond Le,raymond.le.578@examplecorp.com,2020-01-20,2024-02-24,CC-150-SALES
579,EMP000579,Melissa Bishop,melissa.bishop.579@examplecorp.com,2015-12-12,,CC-110-HR
580,EMP000580,David Grant,david.grant.580@examplecorp.com,2015-06-10,,CC-130-PMO
581,EMP000581,William Evans,william.evans.581@examplecorp.com,2019-12-05,,CC-140-OPS
582,EMP000582,Daniel Bush,daniel.bush.582@examplecorp.com,2016-10-12,,CC-120-ENG
583,EMP000583,Gregory Peck,gregory.peck.583@examplecorp.com,2019-05-06,,CC-120-ENG
584,EMP000584,Denise Martinez,denise.martinez.584@examplecorp.com,2022-08-12,,CC-160-MKT
585,EMP000585,Jamie Baird,jamie.baird.585@examplecorp.com,2022-01-28,,CC-100-FIN
586,EMP000586,Tina Ballard,tina.ballard.586@examplecorp.com,2018-09-12,2023-04-12,CC-120-ENG
587,EMP000587,Dwayne Klein,dwayne.klein.587@examplecorp.com,2017-10-29,,CC-150-SALES
588,EMP000588,Jeremy Scott,jeremy.scott.588@examplecorp.com,2025-10-25,,CC-160-MKT
589,EMP000589,Dale Ryan,dale.ryan.589@examplecorp.com,2016-09-07,,CC-140-OPS
590,EMP000590,Melissa Taylor,melissa.taylor.590@examplecorp.com,2022-06-11,,CC-120-ENG
591,EMP000591,Laurie Sanchez,laurie.sanchez.591@examplecorp.com,2018-06-24,,CC-150-SALES
592,EMP000592,Kiara Little,kiara.little.592@examplecorp.com,2022-06-05,,CC-140-OPS
593,EMP000593,Jason Love,jason.love.593@examplecorp.com,2022-12-13,,CC-120-ENG
594,EMP000594,Randy Smith,randy.smith.594@examplecorp.com,2021-04-08,,CC-160-MKT
595,EMP000595,Tanya Russell,tanya.russell.595@examplecorp.com,2018-09-07,,CC-150-SALES
596,EMP000596,Sherry Woods,sherry.woods.596@examplecorp.com,2022-11-18,,CC-150-SALES
597,EMP000597,Victor Morris,victor.morris.597@examplecorp.com,2022-09-08,,CC-100-FIN
598,EMP000598,Susan Davis,susan.davis.598@examplecorp.com,2022-03-31,,CC-140-OPS
599,EMP000599,Kimberly Sharp,kimberly.sharp.599@examplecorp.com,2019-01-22,2022-10-08,CC-110-HR
600,EMP000600,Susan Thompson,susan.thompson.600@examplecorp.com,2025-08-31,,CC-160-MKT
601,EMP000601,Casey Gillespie,casey.gillespie.601@examplecorp.com,2020-06-14,,CC-110-HR
602,EMP000602,Jennifer Simpson DVM,jennifer.dvm.602@examplecorp.com,2016-09-26,2025-10-27,CC-100-FIN
603,EMP000603,Tammy Mcdowell,tammy.mcdowell.603@examplecorp.com,2020-09-10,,CC-160-MKT
604,EMP000604,Keith Rodriguez,keith.rodriguez.604@examplecorp.com,2023-04-14,,CC-100-FIN
605,EMP000605,Mrs. Virginia Daniels,mrs..daniels.605@examplecorp.com,2022-06-04,,CC-160-MKT
606,EMP000606,Todd Rosales MD,todd.md.606@examplecorp.com,2021-12-06,,CC-130-PMO
607,EMP000607,Brian Martin,brian.martin.607@examplecorp.com,2016-09-23,,CC-160-MKT
608,EMP000608,David Lopez,david.lopez.608@examplecorp.com,2022-10-08,,CC-160-MKT
609,EMP000609,Rachel Bradley,rachel.bradley.609@examplecorp.com,2025-02-14,,CC-130-PMO
610,EMP000610,Casey Chase,casey.chase.610@examplecorp.com,2015-06-28,,CC-150-SALES
611,EMP000611,Samantha Robertson,samantha.robertson.611@examplecorp.com,2023-01-26,,CC-130-PMO
612,EMP000612,Michael Lopez,michael.lopez.612@examplecorp.com,2021-11-05,,CC-150-SALES
613,EMP000613,Franklin Wright,franklin.wright.613@examplecorp.com,2023-10-16,,CC-140-OPS
614,EMP000614,David Molina,david.molina.614@examplecorp.com,2017-09-06,,CC-160-MKT
615,EMP000615,Elizabeth Sharp,elizabeth.sharp.615@examplecorp.com,2023-10-18,,CC-160-MKT
616,EMP000616,Matthew Schwartz,matthew.schwartz.616@examplecorp.com,2017-03-05,,CC-140-OPS
617,EMP000617,Bryan Parker,bryan.parker.617@examplecorp.com,2019-12-10,,CC-120-ENG
618,EMP000618,Jonathan Jacobson,jonathan.jacobson.618@examplecorp.com,2023-09-23,,CC-140-OPS
619,EMP000619,Emily Wilson,emily.wilson.619@examplecorp.com,2019-09-11,,CC-160-MKT
620,EMP000620,Elizabeth Mendez,elizabeth.mendez.620@examplecorp.com,2017-03-28,,CC-110-HR
621,EMP000621,Casey Hernandez,casey.hernandez.621@examplecorp.com,2024-10-15,,CC-150-SALES
622,EMP000622,Lisa Perry,lisa.perry.622@examplecorp.com,2020-05-22,,CC-140-OPS
623,EMP000623,Kaitlin Medina,kaitlin.medina.623@examplecorp.com,2025-06-23,2026-01-31,CC-160-MKT
624,EMP000624,Colleen Wright,colleen.wright.624@examplecorp.com,2016-05-25,,CC-160-MKT
625,EMP000625,Shelley Miller,shelley.miller.625@examplecorp.com,2016-10-18,,CC-140-OPS
626,EMP000626,Michael Miller,michael.miller.626@examplecorp.com,2016-08-26,,CC-100-FIN
627,EMP000627,Amy Kelley,amy.kelley.627@examplecorp.com,2025-08-12,,CC-160-MKT
628,EMP000628,Laura Hernandez,laura.hernandez.628@examplecorp.com,2020-01-22,,CC-100-FIN
629,EMP000629,Joseph Wilson,joseph.wilson.629@examplecorp.com,2019-08-27,2025-07-12,CC-120-ENG
630,EMP000630,Kevin Davis,kevin.davis.630@examplecorp.com,2017-08-23,,CC-100-FIN
631,EMP000631,Rhonda Chavez,rhonda.chavez.631@examplecorp.com,2019-03-16,,CC-120-ENG
632,EMP000632,Joyce Brown,joyce.brown.632@examplecorp.com,2025-06-09,2026-02-20,CC-120-ENG
633,EMP000633,Robert Cummings,robert.cummings.633@examplecorp.com,2023-11-16,,CC-100-FIN
634,EMP000634,Robert Reese,robert.reese.634@examplecorp.com,2018-03-21,,CC-130-PMO
635,EMP000635,Amber Cooper,amber.cooper.635@examplecorp.com,2022-10-22,,CC-160-MKT
636,EMP000636,Zachary Michael,zachary.michael.636@examplecorp.com,2022-11-29,,CC-140-OPS
637,EMP000637,Timothy Johnson,timothy.johnson.637@examplecorp.com,2015-01-22,,CC-100-FIN
638,EMP000638,Randy Cannon,randy.cannon.638@examplecorp.com,2017-11-14,,CC-110-HR
639,EMP000639,Maria Fisher,maria.fisher.639@examplecorp.com,2021-02-25,,CC-140-OPS
640,EMP000640,Janet Kane DVM,janet.dvm.640@examplecorp.com,2020-12-01,,CC-160-MKT
641,EMP000641,Michael Stanley,michael.stanley.641@examplecorp.com,2018-03-26,,CC-100-FIN
642,EMP000642,Martha Bailey,martha.bailey.642@examplecorp.com,2015-07-15,,CC-150-SALES
643,EMP000643,Joshua Rice,joshua.rice.643@examplecorp.com,2023-11-26,,CC-100-FIN
644,EMP000644,Courtney Smith,courtney.smith.644@examplecorp.com,2016-03-30,,CC-130-PMO
645,EMP000645,Edwin Nunez,edwin.nunez.645@examplecorp.com,2021-09-10,,CC-150-SALES
646,EMP000646,Kim Morrow,kim.morrow.646@examplecorp.com,2020-10-11,,CC-150-SALES
647,EMP000647,Gregory Hill,gregory.hill.647@examplecorp.com,2016-08-11,,CC-100-FIN
648,EMP000648,Molly Rodriguez,molly.rodriguez.648@examplecorp.com,2021-11-23,,CC-140-OPS
649,EMP000649,Jennifer Miranda,jennifer.miranda.649@examplecorp.com,2019-09-03,,CC-150-SALES
650,EMP000650,Alexis Harris,alexis.harris.650@examplecorp.com,2015-12-17,,CC-120-ENG
651,EMP000651,Andrew Harper,andrew.harper.651@examplecorp.com,2015-10-05,,CC-140-OPS
652,EMP000652,Amber Yang,amber.yang.652@examplecorp.com,2020-09-09,,CC-140-OPS
653,EMP000653,David Robinson,david.robinson.653@examplecorp.com,2021-03-19,2024-02-04,CC-100-FIN
654,EMP000654,Amy Gordon,amy.gordon.654@examplecorp.com,2022-02-16,,CC-120-ENG
655,EMP000655,Robert Dennis,robert.dennis.655@examplecorp.com,2017-11-04,,CC-120-ENG
656,EMP000656,Kyle Chambers,kyle.chambers.656@examplecorp.com,2023-11-04,2024-10-05,CC-150-SALES
657,EMP000657,Eric Thomas,eric.thomas.657@examplecorp.com,2022-05-15,,CC-160-MKT
658,EMP000658,Connie Turner,connie.turner.658@examplecorp.com,2021-07-11,,CC-120-ENG
659,EMP000659,Travis Hobbs,travis.hobbs.659@examplecorp.com,2016-06-30,2022-11-12,CC-120-ENG
660,EMP000660,Lori Simmons,lori.simmons.660@examplecorp.com,2024-02-15,,CC-160-MKT
661,EMP000661,William David DDS,william.dds.661@examplecorp.com,2023-09-27,,CC-150-SALES
662,EMP000662,Emma Butler,emma.butler.662@examplecorp.com,2020-05-14,,CC-160-MKT
663,EMP000663,James Webster,james.webster.663@examplecorp.com,2016-07-06,2025-06-18,CC-130-PMO
664,EMP000664,Samuel Turner,samuel.turner.664@examplecorp.com,2015-06-01,,CC-100-FIN
665,EMP000665,Renee Melendez,renee.melendez.665@examplecorp.com,2023-11-15,,CC-100-FIN
666,EMP000666,Tracy Grant,tracy.grant.666@examplecorp.com,2018-07-16,,CC-140-OPS
667,EMP000667,David Harris,david.harris.667@examplecorp.com,2019-06-20,,CC-140-OPS
668,EMP000668,Tammy Boone,tammy.boone.668@examplecorp.com,2020-04-23,,CC-160-MKT
669,EMP000669,Nathaniel Lee,nathaniel.lee.669@examplecorp.com,2022-04-03,,CC-120-ENG
670,EMP000670,Michael Morrison,michael.morrison.670@examplecorp.com,2024-09-01,,CC-160-MKT
671,EMP000671,Chelsea Gill,chelsea.gill.671@examplecorp.com,2022-05-09,,CC-100-FIN
672,EMP000672,Kristin Mendoza,kristin.mendoza.672@examplecorp.com,2023-12-19,,CC-130-PMO
673,EMP000673,Felicia Krueger,felicia.krueger.673@examplecorp.com,2023-05-03,,CC-130-PMO
674,EMP000674,Timothy Hayden,timothy.hayden.674@examplecorp.com,2018-10-20,,CC-130-PMO
675,EMP000675,Zachary Mendoza,zachary.mendoza.675@examplecorp.com,2022-10-05,,CC-160-MKT
676,EMP000676,Larry Harris,larry.harris.676@examplecorp.com,2020-10-27,,CC-100-FIN
677,EMP000677,Kristen Rowe,kristen.rowe.677@examplecorp.com,2023-02-26,,CC-130-PMO
678,EMP000678,Joseph Howard,joseph.howard.678@examplecorp.com,2021-10-03,,CC-110-HR
679,EMP000679,Jose Crawford,jose.crawford.679@examplecorp.com,2021-02-12,,CC-100-FIN
680,EMP000680,William Harrison,william.harrison.680@examplecorp.com,2015-11-24,,CC-120-ENG
681,EMP000681,Suzanne Wood,suzanne.wood.681@examplecorp.com,2018-06-09,,CC-150-SALES
682,EMP000682,Justin Walker,justin.walker.682@examplecorp.com,2019-10-12,,CC-130-PMO
683,EMP000683,Dean Donovan,dean.donovan.683@examplecorp.com,2018-12-10,,CC-150-SALES
684,EMP000684,Jennifer Hernandez,jennifer.hernandez.684@examplecorp.com,2024-10-03,,CC-140-OPS
685,EMP000685,James Whitaker,james.whitaker.685@examplecorp.com,2019-11-17,,CC-160-MKT
686,EMP000686,Mr. Michael Scott PhD,mr..phd.686@examplecorp.com,2025-08-18,2026-02-09,CC-150-SALES
687,EMP000687,Maria Henry,maria.henry.687@examplecorp.com,2019-07-22,,CC-160-MKT
688,EMP000688,Robert Jackson,robert.jackson.688@examplecorp.com,2023-05-30,,CC-100-FIN
689,EMP000689,Katherine Stark,katherine.stark.689@examplecorp.com,2016-08-07,,CC-150-SALES
690,EMP000690,Maria Brown,maria.brown.690@examplecorp.com,2023-10-06,,CC-110-HR
691,EMP000691,Ryan Landry,ryan.landry.691@examplecorp.com,2015-10-03,,CC-150-SALES
692,EMP000692,Pamela Gutierrez,pamela.gutierrez.692@examplecorp.com,2019-02-09,,CC-140-OPS
693,EMP000693,Crystal Mann,crystal.mann.693@examplecorp.com,2015-05-13,,CC-150-SALES
694,EMP000694,Jonathan Brooks,jonathan.brooks.694@examplecorp.com,2020-01-17,,CC-120-ENG
695,EMP000695,Mary Jensen,mary.jensen.695@examplecorp.com,2019-12-24,,CC-140-OPS
696,EMP000696,Mr. Aaron Arnold,mr..arnold.696@examplecorp.com,2016-07-17,,CC-130-PMO
697,EMP000697,Joseph Hill,joseph.hill.697@examplecorp.com,2018-07-11,,CC-110-HR
698,EMP000698,Alicia Li,alicia.li.698@examplecorp.com,2025-10-09,2026-02-23,CC-110-HR
699,EMP000699,Renee Browning,renee.browning.699@examplecorp.com,2020-08-06,,CC-140-OPS
700,EMP000700,Brent Hernandez,brent.hernandez.700@examplecorp.com,2016-04-27,,CC-120-ENG
701,EMP000701,Joseph Ochoa,joseph.ochoa.701@examplecorp.com,2022-11-23,,CC-140-OPS
702,EMP000702,James Watson,james.watson.702@examplecorp.com,2018-03-15,,CC-130-PMO
703,EMP000703,Karl Branch,karl.branch.703@examplecorp.com,2017-03-30,,CC-160-MKT
704,EMP000704,Michael Abbott,michael.abbott.704@examplecorp.com,2015-10-31,,CC-150-SALES
705,EMP000705,Shannon Malone,shannon.malone.705@examplecorp.com,2019-12-29,,CC-160-MKT
706,EMP000706,James Tran,james.tran.706@examplecorp.com,2022-08-25,,CC-120-ENG
707,EMP000707,Adam Jackson,adam.jackson.707@examplecorp.com,2022-06-28,,CC-100-FIN
708,EMP000708,Mr. Richard Knight PhD,mr..phd.708@examplecorp.com,2021-03-02,,CC-120-ENG
709,EMP000709,Joseph Williams,joseph.williams.709@examplecorp.com,2024-07-19,,CC-150-SALES
710,EMP000710,Sean Clay,sean.clay.710@examplecorp.com,2025-05-26,,CC-110-HR
711,EMP000711,Anthony Jones,anthony.jones.711@examplecorp.com,2023-11-25,,CC-110-HR
712,EMP000712,Stephanie Elliott,stephanie.elliott.712@examplecorp.com,2016-05-12,,CC-160-MKT
713,EMP000713,Timothy Edwards,timothy.edwards.713@examplecorp.com,2016-07-22,,CC-130-PMO
714,EMP000714,Laurie Goodwin,laurie.goodwin.714@examplecorp.com,2015-04-18,,CC-140-OPS
715,EMP000715,Jennifer Jones,jennifer.jones.715@examplecorp.com,2019-02-20,,CC-140-OPS
716,EMP000716,David Davenport,david.davenport.716@examplecorp.com,2016-06-15,,CC-100-FIN
717,EMP000717,Steven Rivera,steven.rivera.717@examplecorp.com,2015-09-27,,CC-150-SALES
718,EMP000718,Brenda Hinton,brenda.hinton.718@examplecorp.com,2023-01-23,,CC-130-PMO
719,EMP000719,Kathryn Mccann,kathryn.mccann.719@examplecorp.com,2023-08-17,,CC-140-OPS
720,EMP000720,Jeffrey Roberson,jeffrey.roberson.720@examplecorp.com,2015-10-30,,CC-120-ENG
721,EMP000721,Randy Friedman,randy.friedman.721@examplecorp.com,2022-03-16,2025-01-23,CC-150-SALES
722,EMP000722,Raymond Johnson,raymond.johnson.722@examplecorp.com,2020-10-20,,CC-160-MKT
723,EMP000723,Willie Henry,willie.henry.723@examplecorp.com,2023-10-01,,CC-140-OPS
724,EMP000724,Todd Reynolds,todd.reynolds.724@examplecorp.com,2017-01-15,,CC-110-HR
725,EMP000725,Mary Miller,mary.miller.725@examplecorp.com,2019-11-08,,CC-160-MKT
726,EMP000726,Rebecca Marquez,rebecca.marquez.726@examplecorp.com,2015-08-15,,CC-140-OPS
727,EMP000727,Christian Dawson,christian.dawson.727@examplecorp.com,2016-09-18,,CC-110-HR
728,EMP000728,Nancy Stewart,nancy.stewart.728@examplecorp.com,2018-08-14,,CC-110-HR
729,EMP000729,Aaron Parker,aaron.parker.729@examplecorp.com,2018-11-18,,CC-140-OPS
730,EMP000730,Derrick Anderson,derrick.anderson.730@examplecorp.com,2025-01-13,,CC-100-FIN
731,EMP000731,Jerry Peters,jerry.peters.731@examplecorp.com,2017-10-23,,CC-140-OPS
732,EMP000732,Alexander Gomez,alexander.gomez.732@examplecorp.com,2018-01-29,,CC-120-ENG
733,EMP000733,Kyle Nguyen,kyle.nguyen.733@examplecorp.com,2021-11-21,,CC-140-OPS
734,EMP000734,Edgar Hughes,edgar.hughes.734@examplecorp.com,2022-03-10,,CC-140-OPS
735,EMP000735,Steven Stein,steven.stein.735@examplecorp.com,2016-09-23,,CC-140-OPS
736,EMP000736,Laura Jackson,laura.jackson.736@examplecorp.com,2023-01-30,,CC-120-ENG
737,EMP000737,Charles Turner,charles.turner.737@examplecorp.com,2024-06-13,,CC-100-FIN
738,EMP000738,Arthur Hamilton MD,arthur.md.738@examplecorp.com,2024-04-03,,CC-100-FIN
739,EMP000739,Mr. David Wright,mr..wright.739@examplecorp.com,2015-07-06,,CC-160-MKT
740,EMP000740,Linda Gonzalez,linda.gonzalez.740@examplecorp.com,2021-06-20,,CC-110-HR
741,EMP000741,Eric Rush,eric.rush.741@examplecorp.com,2023-08-08,,CC-140-OPS
742,EMP000742,Manuel Brock,manuel.brock.742@examplecorp.com,2022-03-02,2025-12-05,CC-140-OPS
743,EMP000743,George Ochoa,george.ochoa.743@examplecorp.com,2018-04-01,,CC-120-ENG
744,EMP000744,Valerie Taylor,valerie.taylor.744@examplecorp.com,2020-06-01,,CC-160-MKT
745,EMP000745,Travis Harris,travis.harris.745@examplecorp.com,2022-09-06,,CC-130-PMO
746,EMP000746,Vincent Novak,vincent.novak.746@examplecorp.com,2015-10-26,,CC-110-HR
747,EMP000747,Michael Henry,michael.henry.747@examplecorp.com,2019-12-06,,CC-130-PMO
748,EMP000748,Dana Bennett,dana.bennett.748@examplecorp.com,2017-04-15,,CC-110-HR
749,EMP000749,Jenna Wilson,jenna.wilson.749@examplecorp.com,2018-07-04,,CC-120-ENG
750,EMP000750,Leslie Gardner,leslie.gardner.750@examplecorp.com,2023-03-27,,CC-120-ENG
751,EMP000751,Krista Benton,krista.benton.751@examplecorp.com,2025-12-09,,CC-160-MKT
752,EMP000752,Michael Gonzales,michael.gonzales.752@examplecorp.com,2019-02-26,,CC-100-FIN
753,EMP000753,Michael Fuentes,michael.fuentes.753@examplecorp.com,2018-07-31,,CC-100-FIN
754,EMP000754,Jennifer Porter,jennifer.porter.754@examplecorp.com,2017-12-31,,CC-110-HR
755,EMP000755,Dana Hopkins,dana.hopkins.755@examplecorp.com,2016-02-01,2020-08-21,CC-160-MKT
756,EMP000756,Rachel Jones,rachel.jones.756@examplecorp.com,2021-11-25,,CC-160-MKT
757,EMP000757,Karen Morales DDS,karen.dds.757@examplecorp.com,2025-02-12,,CC-120-ENG
758,EMP000758,Melissa Stephens,melissa.stephens.758@examplecorp.com,2025-06-21,,CC-120-ENG
759,EMP000759,Heather Woodard,heather.woodard.759@examplecorp.com,2017-02-16,,CC-130-PMO
760,EMP000760,Margaret Miller,margaret.miller.760@examplecorp.com,2020-10-09,,CC-120-ENG
761,EMP000761,Mary Kelly,mary.kelly.761@examplecorp.com,2020-07-30,2026-02-14,CC-130-PMO
762,EMP000762,Amanda Terrell,amanda.terrell.762@examplecorp.com,2020-09-01,,CC-110-HR
763,EMP000763,Jennifer Goodwin,jennifer.goodwin.763@examplecorp.com,2017-05-31,,CC-100-FIN
764,EMP000764,Jessica Smith,jessica.smith.764@examplecorp.com,2015-07-27,,CC-140-OPS
765,EMP000765,Jorge Stone,jorge.stone.765@examplecorp.com,2024-11-23,,CC-150-SALES
766,EMP000766,Laura Griffin,laura.griffin.766@examplecorp.com,2020-04-11,,CC-100-FIN
767,EMP000767,Raymond Chapman,raymond.chapman.767@examplecorp.com,2024-07-02,2025-02-14,CC-120-ENG
768,EMP000768,Haley Johnson,haley.johnson.768@examplecorp.com,2023-02-27,,CC-130-PMO
769,EMP000769,Jason Nixon,jason.nixon.769@examplecorp.com,2019-02-07,2019-12-03,CC-140-OPS
770,EMP000770,Todd Thomas,todd.thomas.770@examplecorp.com,2021-04-20,,CC-140-OPS
771,EMP000771,Jesse Clark,jesse.clark.771@examplecorp.com,2018-03-28,2024-02-20,CC-130-PMO
772,EMP000772,Mr. Jeffrey Horton,mr..horton.772@examplecorp.com,2023-07-28,,CC-160-MKT
773,EMP000773,Eric Patrick,eric.patrick.773@examplecorp.com,2021-12-27,,CC-100-FIN
774,EMP000774,Samuel Wong,samuel.wong.774@examplecorp.com,2016-06-11,,CC-130-PMO
775,EMP000775,Carly Riggs,carly.riggs.775@examplecorp.com,2019-03-09,,CC-120-ENG
776,EMP000776,Christopher Moore,christopher.moore.776@examplecorp.com,2021-04-03,,CC-160-MKT
777,EMP000777,Tina Hall,tina.hall.777@examplecorp.com,2016-08-13,,CC-140-OPS
778,EMP000778,Cody Davidson,cody.davidson.778@examplecorp.com,2019-07-03,,CC-100-FIN
779,EMP000779,Allen Mendez,allen.mendez.779@examplecorp.com,2015-06-09,,CC-120-ENG
780,EMP000780,Kevin Price,kevin.price.780@examplecorp.com,2024-01-07,,CC-130-PMO
781,EMP000781,Christine Goodwin,christine.goodwin.781@examplecorp.com,2016-09-02,,CC-140-OPS
782,EMP000782,Amy Garcia,amy.garcia.782@examplecorp.com,2016-07-26,,CC-140-OPS
783,EMP000783,Chelsea Nguyen,chelsea.nguyen.783@examplecorp.com,2018-07-28,,CC-140-OPS
784,EMP000784,Dennis Huffman,dennis.huffman.784@examplecorp.com,2023-04-17,,CC-140-OPS
785,EMP000785,Margaret Harper,margaret.harper.785@examplecorp.com,2018-10-09,,CC-140-OPS
786,EMP000786,Laurie Bailey,laurie.bailey.786@examplecorp.com,2020-12-20,,CC-140-OPS
787,EMP000787,Lisa Cervantes,lisa.cervantes.787@examplecorp.com,2018-05-12,,CC-100-FIN
788,EMP000788,Elizabeth Mendez,elizabeth.mendez.788@examplecorp.com,2019-02-17,,CC-100-FIN
789,EMP000789,Cesar Wilson,cesar.wilson.789@examplecorp.com,2025-12-27,,CC-120-ENG
790,EMP000790,Clayton Steele,clayton.steele.790@examplecorp.com,2023-12-08,,CC-160-MKT
791,EMP000791,Jennifer Taylor,jennifer.taylor.791@examplecorp.com,2022-09-19,,CC-140-OPS
792,EMP000792,Cody Reid,cody.reid.792@examplecorp.com,2020-04-27,,CC-150-SALES
793,EMP000793,Maria Cooke,maria.cooke.793@examplecorp.com,2023-10-12,,CC-140-OPS
794,EMP000794,Katherine Taylor,katherine.taylor.794@examplecorp.com,2021-06-23,,CC-100-FIN
795,EMP000795,Jerry Brown,jerry.brown.795@examplecorp.com,2021-07-18,,CC-140-OPS
796,EMP000796,Adam Taylor,adam.taylor.796@examplecorp.com,2022-01-20,,CC-160-MKT
797,EMP000797,Tracey Wagner,tracey.wagner.797@examplecorp.com,2024-06-07,,CC-160-MKT
798,EMP000798,Michael Perry PhD,michael.phd.798@examplecorp.com,2022-08-20,,CC-140-OPS
799,EMP000799,Bradley Johnson DDS,bradley.dds.799@examplecorp.com,2025-08-19,,CC-110-HR
800,EMP000800,Donald Medina,donald.medina.800@examplecorp.com,2015-03-19,,CC-130-PMO
801,EMP000801,Jim Newton,jim.newton.801@examplecorp.com,2016-09-12,,CC-110-HR
802,EMP000802,Krista Wilson,krista.wilson.802@examplecorp.com,2019-08-08,,CC-140-OPS
803,EMP000803,Reginald Morrow,reginald.morrow.803@examplecorp.com,2025-04-28,,CC-160-MKT
804,EMP000804,Rodney Williams,rodney.williams.804@examplecorp.com,2023-04-02,,CC-150-SALES
805,EMP000805,Kimberly Fritz,kimberly.fritz.805@examplecorp.com,2016-07-19,,CC-140-OPS
806,EMP000806,Ronald Potter,ronald.potter.806@examplecorp.com,2018-08-24,,CC-130-PMO
807,EMP000807,Zachary Cole,zachary.cole.807@examplecorp.com,2020-11-22,,CC-110-HR
808,EMP000808,Robert Gonzales,robert.gonzales.808@examplecorp.com,2020-02-26,,CC-120-ENG
809,EMP000809,Patricia Young PhD,patricia.phd.809@examplecorp.com,2021-02-15,,CC-160-MKT
810,EMP000810,Heather Page,heather.page.810@examplecorp.com,2024-09-23,,CC-150-SALES
811,EMP000811,Carol Taylor,carol.taylor.811@examplecorp.com,2024-01-05,,CC-140-OPS
812,EMP000812,Daniel Brown,daniel.brown.812@examplecorp.com,2020-06-06,,CC-110-HR
813,EMP000813,Douglas Ryan,douglas.ryan.813@examplecorp.com,2018-02-16,,CC-110-HR
814,EMP000814,Michael Roberts,michael.roberts.814@examplecorp.com,2025-07-23,,CC-120-ENG
815,EMP000815,Scott Duke,scott.duke.815@examplecorp.com,2023-08-25,,CC-110-HR
816,EMP000816,Anna Estes,anna.estes.816@examplecorp.com,2022-09-28,,CC-120-ENG
817,EMP000817,Tamara Riddle,tamara.riddle.817@examplecorp.com,2020-05-19,,CC-160-MKT
818,EMP000818,Beth Cline,beth.cline.818@examplecorp.com,2023-02-03,,CC-100-FIN
819,EMP000819,Michael Poole,michael.poole.819@examplecorp.com,2021-06-06,,CC-130-PMO
820,EMP000820,Megan Burns,megan.burns.820@examplecorp.com,2025-01-17,,CC-160-MKT
821,EMP000821,Debra Perry,debra.perry.821@examplecorp.com,2018-11-14,,CC-160-MKT
822,EMP000822,Mark Beard,mark.beard.822@examplecorp.com,2016-08-22,,CC-120-ENG
823,EMP000823,Jose Ramirez,jose.ramirez.823@examplecorp.com,2025-09-17,,CC-120-ENG
824,EMP000824,Jackie Clements,jackie.clements.824@examplecorp.com,2025-05-12,,CC-120-ENG
825,EMP000825,Aaron Schroeder,aaron.schroeder.825@examplecorp.com,2023-05-20,,CC-110-HR
826,EMP000826,Monica Ellis,monica.ellis.826@examplecorp.com,2024-04-14,,CC-140-OPS
827,EMP000827,Heather Brown,heather.brown.827@examplecorp.com,2022-10-22,,CC-100-FIN
828,EMP000828,Claudia Jordan,claudia.jordan.828@examplecorp.com,2021-11-26,,CC-110-HR
829,EMP000829,Derrick Clayton,derrick.clayton.829@examplecorp.com,2017-09-20,2023-12-03,CC-110-HR
830,EMP000830,Kenneth Knight,kenneth.knight.830@examplecorp.com,2022-02-26,,CC-100-FIN
831,EMP000831,Mr. Michael Williams,mr..williams.831@examplecorp.com,2019-08-20,,CC-130-PMO
832,EMP000832,Richard Stevens,richard.stevens.832@examplecorp.com,2016-02-16,,CC-110-HR
833,EMP000833,Scott Alexander,scott.alexander.833@examplecorp.com,2015-01-22,,CC-110-HR
834,EMP000834,Tyler Harris,tyler.harris.834@examplecorp.com,2019-07-25,,CC-130-PMO
835,EMP000835,Bonnie Santos,bonnie.santos.835@examplecorp.com,2020-05-09,,CC-160-MKT
836,EMP000836,Timothy Hill,timothy.hill.836@examplecorp.com,2025-10-23,,CC-120-ENG
837,EMP000837,Danielle Watson,danielle.watson.837@examplecorp.com,2022-03-30,2022-12-28,CC-150-SALES
838,EMP000838,Carol Sanders,carol.sanders.838@examplecorp.com,2021-06-09,,CC-150-SALES
839,EMP000839,Michael Young,michael.young.839@examplecorp.com,2023-02-09,,CC-100-FIN
840,EMP000840,Michele Smith,michele.smith.840@examplecorp.com,2025-03-29,,CC-130-PMO
841,EMP000841,Casey Perez,casey.perez.841@examplecorp.com,2024-11-22,,CC-100-FIN
842,EMP000842,Alexandra Dominguez,alexandra.dominguez.842@examplecorp.com,2024-05-18,,CC-130-PMO
843,EMP000843,Virginia Henderson,virginia.henderson.843@examplecorp.com,2017-02-02,,CC-160-MKT
844,EMP000844,Benjamin Reyes,benjamin.reyes.844@examplecorp.com,2025-05-21,,CC-100-FIN
845,EMP000845,Ashley Edwards,ashley.edwards.845@examplecorp.com,2015-02-07,,CC-140-OPS
846,EMP000846,Breanna Ayala,breanna.ayala.846@examplecorp.com,2016-03-15,,CC-120-ENG
847,EMP000847,Brandi Haney,brandi.haney.847@examplecorp.com,2018-03-11,,CC-150-SALES
848,EMP000848,Joseph Smith,joseph.smith.848@examplecorp.com,2021-02-03,,CC-110-HR
849,EMP000849,Jessica Bowen,jessica.bowen.849@examplecorp.com,2024-07-17,,CC-120-ENG
850,EMP000850,Brittany Jenkins,brittany.jenkins.850@examplecorp.com,2017-02-28,,CC-120-ENG
851,EMP000851,Shannon Miller,shannon.miller.851@examplecorp.com,2016-10-27,,CC-150-SALES
852,EMP000852,Paul Lawrence,paul.lawrence.852@examplecorp.com,2017-11-19,,CC-100-FIN
853,EMP000853,Victor Edwards,victor.edwards.853@examplecorp.com,2023-04-06,,CC-120-ENG
854,EMP000854,Donald Miller,donald.miller.854@examplecorp.com,2021-05-14,,CC-110-HR
855,EMP000855,Lindsay Lawson,lindsay.lawson.855@examplecorp.com,2016-12-19,,CC-150-SALES
856,EMP000856,Melissa Abbott,melissa.abbott.856@examplecorp.com,2025-01-22,,CC-130-PMO
857,EMP000857,Elizabeth Holmes,elizabeth.holmes.857@examplecorp.com,2020-10-11,,CC-130-PMO
858,EMP000858,Nicole Phillips,nicole.phillips.858@examplecorp.com,2022-07-04,2023-07-16,CC-130-PMO
859,EMP000859,Steven Blevins,steven.blevins.859@examplecorp.com,2018-08-18,,CC-100-FIN
860,EMP000860,Brian Porter MD,brian.md.860@examplecorp.com,2017-12-04,,CC-130-PMO
861,EMP000861,Vanessa Hatfield,vanessa.hatfield.861@examplecorp.com,2023-06-15,,CC-120-ENG
862,EMP000862,Bonnie Valencia,bonnie.valencia.862@examplecorp.com,2018-05-21,,CC-140-OPS
863,EMP000863,Holly Vega,holly.vega.863@examplecorp.com,2015-02-16,,CC-120-ENG
864,EMP000864,Tiffany Townsend,tiffany.townsend.864@examplecorp.com,2022-10-08,,CC-150-SALES
865,EMP000865,Austin Baker,austin.baker.865@examplecorp.com,2016-04-29,,CC-110-HR
866,EMP000866,Antonio Mccormick,antonio.mccormick.866@examplecorp.com,2019-07-19,,CC-150-SALES
867,EMP000867,Lori Mason,lori.mason.867@examplecorp.com,2023-08-20,,CC-100-FIN
868,EMP000868,Michael Miller,michael.miller.868@examplecorp.com,2022-03-01,,CC-120-ENG
869,EMP000869,Lisa Ramirez,lisa.ramirez.869@examplecorp.com,2019-02-14,,CC-110-HR
870,EMP000870,Jorge Harris,jorge.harris.870@examplecorp.com,2025-09-26,,CC-110-HR
871,EMP000871,Kimberly Myers,kimberly.myers.871@examplecorp.com,2020-02-07,,CC-140-OPS
872,EMP000872,Sandra Becker,sandra.becker.872@examplecorp.com,2019-03-11,,CC-140-OPS
873,EMP000873,Michael Blair,michael.blair.873@examplecorp.com,2025-03-27,,CC-140-OPS
874,EMP000874,Amy Miller,amy.miller.874@examplecorp.com,2023-12-29,,CC-110-HR
875,EMP000875,Jesse Lynch,jesse.lynch.875@examplecorp.com,2023-07-18,,CC-160-MKT
876,EMP000876,Patrick Yang,patrick.yang.876@examplecorp.com,2021-09-06,,CC-100-FIN
877,EMP000877,Michael Miles,michael.miles.877@examplecorp.com,2020-11-22,,CC-150-SALES
878,EMP000878,Troy Mills,troy.mills.878@examplecorp.com,2019-01-21,2025-08-17,CC-100-FIN
879,EMP000879,Michelle Jackson,michelle.jackson.879@examplecorp.com,2015-09-10,,CC-140-OPS
880,EMP000880,Richard Adams,richard.adams.880@examplecorp.com,2017-04-08,,CC-110-HR
881,EMP000881,Patricia Johnson,patricia.johnson.881@examplecorp.com,2016-11-04,,CC-140-OPS
882,EMP000882,Denise Brown,denise.brown.882@examplecorp.com,2019-12-15,2022-07-03,CC-150-SALES
883,EMP000883,Laura Jones,laura.jones.883@examplecorp.com,2021-07-16,,CC-140-OPS
884,EMP000884,Ian Porter,ian.porter.884@examplecorp.com,2019-12-30,,CC-130-PMO
885,EMP000885,Holly Scott,holly.scott.885@examplecorp.com,2016-06-24,,CC-130-PMO
886,EMP000886,Kenneth Sharp,kenneth.sharp.886@examplecorp.com,2021-04-28,2024-02-28,CC-150-SALES
887,EMP000887,Jordan Williams,jordan.williams.887@examplecorp.com,2024-01-19,,CC-100-FIN
888,EMP000888,Dana Ruiz,dana.ruiz.888@examplecorp.com,2019-06-10,,CC-100-FIN
889,EMP000889,Chris Velazquez,chris.velazquez.889@examplecorp.com,2023-05-13,,CC-100-FIN
890,EMP000890,Kristen Sloan,kristen.sloan.890@examplecorp.com,2015-07-05,,CC-150-SALES
891,EMP000891,Jennifer Morris,jennifer.morris.891@examplecorp.com,2015-09-19,,CC-100-FIN
892,EMP000892,Nathan Nelson,nathan.nelson.892@examplecorp.com,2025-06-25,,CC-130-PMO
893,EMP000893,Jake Shaw,jake.shaw.893@examplecorp.com,2015-05-10,,CC-110-HR
894,EMP000894,Cassie Brock,cassie.brock.894@examplecorp.com,2023-08-16,,CC-150-SALES
895,EMP000895,Dr. Andrea Marshall,dr..marshall.895@examplecorp.com,2025-12-21,,CC-130-PMO
896,EMP000896,Ryan Murphy,ryan.murphy.896@examplecorp.com,2019-03-14,,CC-130-PMO
897,EMP000897,Aimee Gonzalez,aimee.gonzalez.897@examplecorp.com,2020-01-12,,CC-130-PMO
898,EMP000898,Elizabeth Dean,elizabeth.dean.898@examplecorp.com,2019-03-19,2025-07-03,CC-110-HR
899,EMP000899,Kevin Snyder,kevin.snyder.899@examplecorp.com,2022-04-30,,CC-100-FIN
900,EMP000900,Christie Mccullough,christie.mccullough.900@examplecorp.com,2017-01-01,,CC-130-PMO
901,EMP000901,Danielle Smith,danielle.smith.901@examplecorp.com,2020-12-06,,CC-110-HR
902,EMP000902,David Reed,david.reed.902@examplecorp.com,2024-05-12,2024-09-02,CC-120-ENG
903,EMP000903,Sherry Tapia,sherry.tapia.903@examplecorp.com,2020-03-11,,CC-140-OPS
904,EMP000904,Matthew Sweeney,matthew.sweeney.904@examplecorp.com,2019-10-04,,CC-160-MKT
905,EMP000905,Ashley Moreno,ashley.moreno.905@examplecorp.com,2017-07-29,,CC-120-ENG
906,EMP000906,Johnathan Brown,johnathan.brown.906@examplecorp.com,2016-09-27,,CC-150-SALES
907,EMP000907,Michelle Davis DVM,michelle.dvm.907@examplecorp.com,2023-08-02,2026-02-05,CC-150-SALES
908,EMP000908,Kelly Haynes,kelly.haynes.908@examplecorp.com,2019-09-14,,CC-100-FIN
909,EMP000909,William Miller,william.miller.909@examplecorp.com,2017-09-12,,CC-100-FIN
910,EMP000910,Casey Wilkins,casey.wilkins.910@examplecorp.com,2021-08-29,2025-04-04,CC-150-SALES
911,EMP000911,Keith Graham,keith.graham.911@examplecorp.com,2022-11-20,,CC-110-HR
912,EMP000912,Cynthia Green,cynthia.green.912@examplecorp.com,2023-04-22,2024-10-12,CC-110-HR
913,EMP000913,Robert Haynes,robert.haynes.913@examplecorp.com,2021-01-19,,CC-160-MKT
914,EMP000914,Emily Nelson,emily.nelson.914@examplecorp.com,2023-09-14,2025-05-11,CC-120-ENG
915,EMP000915,Dale Chan,dale.chan.915@examplecorp.com,2017-08-17,,CC-150-SALES
916,EMP000916,Brittney Martin,brittney.martin.916@examplecorp.com,2021-06-17,,CC-140-OPS
917,EMP000917,Jason Herrera,jason.herrera.917@examplecorp.com,2023-08-31,,CC-120-ENG
918,EMP000918,Christine Parker,christine.parker.918@examplecorp.com,2017-08-28,,CC-110-HR
919,EMP000919,Bryan Moore,bryan.moore.919@examplecorp.com,2022-05-28,,CC-130-PMO
920,EMP000920,Samantha Terry,samantha.terry.920@examplecorp.com,2018-05-15,,CC-140-OPS
921,EMP000921,Russell Murphy,russell.murphy.921@examplecorp.com,2025-08-21,,CC-150-SALES
922,EMP000922,David Kelly,david.kelly.922@examplecorp.com,2025-03-22,,CC-150-SALES
923,EMP000923,Megan Green,megan.green.923@examplecorp.com,2019-10-16,,CC-100-FIN
924,EMP000924,Amanda Sullivan MD,amanda.md.924@examplecorp.com,2025-11-26,,CC-150-SALES
925,EMP000925,Danielle Murray,danielle.murray.925@examplecorp.com,2022-07-12,,CC-140-OPS
926,EMP000926,Brenda Smith,brenda.smith.926@examplecorp.com,2018-07-29,,CC-130-PMO
927,EMP000927,Vickie Anderson,vickie.anderson.927@examplecorp.com,2016-09-03,,CC-110-HR
928,EMP000928,Jacqueline Mccoy,jacqueline.mccoy.928@examplecorp.com,2023-06-18,,CC-110-HR
929,EMP000929,Lauren Green,lauren.green.929@examplecorp.com,2024-07-10,,CC-160-MKT
930,EMP000930,Alison Brown,alison.brown.930@examplecorp.com,2022-12-08,,CC-130-PMO
931,EMP000931,Jill Anderson,jill.anderson.931@examplecorp.com,2025-04-04,2025-10-16,CC-130-PMO
932,EMP000932,Sandra Rivera,sandra.rivera.932@examplecorp.com,2021-04-01,,CC-130-PMO
933,EMP000933,Joel Jackson,joel.jackson.933@examplecorp.com,2017-09-21,,CC-120-ENG
934,EMP000934,Samantha Foster,samantha.foster.934@examplecorp.com,2022-04-02,2025-01-07,CC-160-MKT
935,EMP000935,Michael Thompson,michael.thompson.935@examplecorp.com,2019-02-28,2021-07-17,CC-100-FIN
936,EMP000936,Cody Ramirez,cody.ramirez.936@examplecorp.com,2018-01-04,,CC-140-OPS
937,EMP000937,Amanda Harvey,amanda.harvey.937@examplecorp.com,2021-10-05,2022-06-01,CC-110-HR
938,EMP000938,Edward Jenkins,edward.jenkins.938@examplecorp.com,2024-01-09,,CC-150-SALES
939,EMP000939,Amy Ramirez,amy.ramirez.939@examplecorp.com,2022-07-13,,CC-130-PMO
940,EMP000940,Curtis Wilkerson,curtis.wilkerson.940@examplecorp.com,2017-05-05,,CC-120-ENG
941,EMP000941,Lydia Pham,lydia.pham.941@examplecorp.com,2018-05-26,,CC-100-FIN
942,EMP000942,Virginia Casey,virginia.casey.942@examplecorp.com,2017-05-17,,CC-150-SALES
943,EMP000943,Joshua Washington,joshua.washington.943@examplecorp.com,2016-04-25,,CC-160-MKT
944,EMP000944,Kathryn Price,kathryn.price.944@examplecorp.com,2020-05-15,,CC-150-SALES
945,EMP000945,Francis Robinson,francis.robinson.945@examplecorp.com,2021-10-11,,CC-130-PMO
946,EMP000946,Paula Brown,paula.brown.946@examplecorp.com,2025-04-06,,CC-120-ENG
947,EMP000947,Kendra Wang DVM,kendra.dvm.947@examplecorp.com,2023-09-12,,CC-130-PMO
948,EMP000948,Ariel Sandoval,ariel.sandoval.948@examplecorp.com,2020-12-25,,CC-120-ENG
949,EMP000949,Robert Stark,robert.stark.949@examplecorp.com,2017-12-07,,CC-130-PMO
950,EMP000950,Zachary Robinson,zachary.robinson.950@examplecorp.com,2020-03-23,2025-09-26,CC-160-MKT
951,EMP000951,Rebecca Kelly,rebecca.kelly.951@examplecorp.com,2024-06-01,,CC-110-HR
952,EMP000952,Sarah Thompson,sarah.thompson.952@examplecorp.com,2019-02-27,,CC-100-FIN
953,EMP000953,Renee Wolfe,renee.wolfe.953@examplecorp.com,2021-04-23,,CC-150-SALES
954,EMP000954,Alyssa Haynes,alyssa.haynes.954@examplecorp.com,2016-08-20,2023-02-01,CC-140-OPS
955,EMP000955,Kristy Hart,kristy.hart.955@examplecorp.com,2021-06-30,,CC-120-ENG
956,EMP000956,William Keith,william.keith.956@examplecorp.com,2016-09-16,,CC-110-HR
957,EMP000957,Eric Henry Jr.,eric.jr..957@examplecorp.com,2019-04-05,,CC-110-HR
958,EMP000958,Daniel Fox,daniel.fox.958@examplecorp.com,2020-08-07,,CC-150-SALES
959,EMP000959,Thomas Harris,thomas.harris.959@examplecorp.com,2018-10-14,,CC-160-MKT
960,EMP000960,Mitchell Sellers,mitchell.sellers.960@examplecorp.com,2020-06-24,,CC-150-SALES
961,EMP000961,Erica Johnson,erica.johnson.961@examplecorp.com,2023-04-18,,CC-110-HR
962,EMP000962,Sylvia Schroeder,sylvia.schroeder.962@examplecorp.com,2023-03-21,,CC-110-HR
963,EMP000963,Shannon Yu,shannon.yu.963@examplecorp.com,2016-07-27,,CC-130-PMO
964,EMP000964,Tom Foster,tom.foster.964@examplecorp.com,2017-01-23,,CC-140-OPS
965,EMP000965,Eric Taylor,eric.taylor.965@examplecorp.com,2022-03-13,,CC-140-OPS
966,EMP000966,Travis Conner,travis.conner.966@examplecorp.com,2015-05-19,,CC-100-FIN
967,EMP000967,Marie Thompson,marie.thompson.967@examplecorp.com,2025-08-07,,CC-100-FIN
968,EMP000968,Melissa Mcfarland,melissa.mcfarland.968@examplecorp.com,2023-07-28,2024-03-14,CC-160-MKT
969,EMP000969,Courtney Chapman,courtney.chapman.969@examplecorp.com,2022-01-27,,CC-150-SALES
970,EMP000970,Eric Barker,eric.barker.970@examplecorp.com,2016-09-10,2022-08-11,CC-130-PMO
971,EMP000971,Nicholas Rush,nicholas.rush.971@examplecorp.com,2019-03-09,2024-11-06,CC-150-SALES
972,EMP000972,Jenna Gamble,jenna.gamble.972@examplecorp.com,2020-06-21,2023-09-13,CC-140-OPS
973,EMP000973,Amanda Guzman,amanda.guzman.973@examplecorp.com,2019-08-12,2025-10-17,CC-150-SALES
974,EMP000974,Tracy Walker,tracy.walker.974@examplecorp.com,2018-01-30,,CC-120-ENG
975,EMP000975,Taylor Taylor,taylor.taylor.975@examplecorp.com,2015-03-12,,CC-150-SALES
976,EMP000976,Cynthia Haas,cynthia.haas.976@examplecorp.com,2022-07-23,,CC-110-HR
977,EMP000977,Stephen Davis,stephen.davis.977@examplecorp.com,2016-03-14,,CC-140-OPS
978,EMP000978,Margaret Tanner,margaret.tanner.978@examplecorp.com,2016-09-01,,CC-140-OPS
979,EMP000979,Derek Wright,derek.wright.979@examplecorp.com,2020-11-26,,CC-120-ENG
980,EMP000980,David Rodriguez,david.rodriguez.980@examplecorp.com,2017-12-30,,CC-100-FIN
981,EMP000981,James Oconnor,james.oconnor.981@examplecorp.com,2019-03-09,,CC-130-PMO
982,EMP000982,Stacey Snyder,stacey.snyder.982@examplecorp.com,2021-05-03,,CC-150-SALES
983,EMP000983,Joshua Garcia,joshua.garcia.983@examplecorp.com,2017-07-14,,CC-160-MKT
984,EMP000984,Sean Curtis,sean.curtis.984@examplecorp.com,2024-07-04,2024-11-03,CC-100-FIN
985,EMP000985,Carla Jones,carla.jones.985@examplecorp.com,2019-07-19,,CC-140-OPS
986,EMP000986,Elizabeth Flores,elizabeth.flores.986@examplecorp.com,2020-05-03,2020-08-20,CC-150-SALES
987,EMP000987,Angela Jackson,angela.jackson.987@examplecorp.com,2016-12-02,2022-01-12,CC-150-SALES
988,EMP000988,Nicholas Payne,nicholas.payne.988@examplecorp.com,2023-10-18,,CC-160-MKT
989,EMP000989,Anna Wheeler,anna.wheeler.989@examplecorp.com,2025-12-02,,CC-140-OPS
990,EMP000990,Karen Johnson,karen.johnson.990@examplecorp.com,2025-04-22,2025-09-13,CC-160-MKT
991,EMP000991,Carmen Preston,carmen.preston.991@examplecorp.com,2022-10-06,,CC-130-PMO
992,EMP000992,Brian Harris,brian.harris.992@examplecorp.com,2018-01-15,2019-02-13,CC-150-SALES
993,EMP000993,Michael Bowen,michael.bowen.993@examplecorp.com,2025-05-19,,CC-140-OPS
994,EMP000994,Deborah Campbell,deborah.campbell.994@examplecorp.com,2021-04-27,,CC-110-HR
995,EMP000995,Anthony Armstrong,anthony.armstrong.995@examplecorp.com,2025-06-01,,CC-100-FIN
996,EMP000996,Brittany Ward,brittany.ward.996@examplecorp.com,2025-10-13,,CC-110-HR
997,EMP000997,Edward Stanley,edward.stanley.997@examplecorp.com,2023-06-09,,CC-160-MKT
998,EMP000998,Christina Johnson,christina.johnson.998@examplecorp.com,2019-06-20,,CC-120-ENG
999,EMP000999,Edgar Miller,edgar.miller.999@examplecorp.com,2016-10-27,,CC-140-OPS
1000,EMP001000,Elizabeth Sanders,elizabeth.sanders.1000@examplecorp.com,2024-05-11,,CC-150-SALES
